id,uploader,modifier,source_name,regulator_symbol,regulator_locus_tag,condition,data_usable,preferred_replicate,background_name,promoterset,batch,lab,assay,source_orig_id,upload_date,modified_date,file,single_binding,composite_binding,promoter,background,fileformat
6512,admin,admin,brent_nf_cc,IXR1,YKL032C,unknown,pass,FALSE,ad1,yiming,run_5617,brent,callingcards,39,2025-03-10,2025-03-10T13:37:04.507890-05:00,https://yeastregulatorydb-htcf-data.s3.amazonaws.com/media/promotersetsig/6512.csv.gz,1783,NA,4,1,5
6521,admin,admin,brent_nf_cc,ROX1,YPR065W,unknown,pass,FALSE,ad1,yiming,run_5617,brent,callingcards,37,2025-03-10,2025-03-10T13:37:04.443454-05:00,https://yeastregulatorydb-htcf-data.s3.amazonaws.com/media/promotersetsig/6521.csv.gz,1784,NA,4,1,5
6522,admin,admin,brent_nf_cc,CRZ1,YNL027W,unknown,pass,FALSE,ad1,yiming,run_5654,brent,callingcards,22,2025-03-10,2025-03-10T13:37:10.230547-05:00,https://yeastregulatorydb-htcf-data.s3.amazonaws.com/media/promotersetsig/6522.csv.gz,1786,NA,4,1,5
6525,admin,admin,brent_nf_cc,UPC2,YDR213W,unknown,pass,FALSE,ad1,yiming,run_6920,brent,callingcards,545,2025-03-10,2025-03-10T13:36:59.516252-05:00,https://yeastregulatorydb-htcf-data.s3.amazonaws.com/media/promotersetsig/6525.csv.gz,1781,NA,4,1,5
6529,admin,admin,brent_nf_cc,VHR1,YIL056W,unknown,pass,FALSE,ad1,yiming,run_6920,brent,callingcards,546,2025-03-10,2025-03-10T13:37:04.468207-05:00,https://yeastregulatorydb-htcf-data.s3.amazonaws.com/media/promotersetsig/6529.csv.gz,1782,NA,4,1,5
6534,admin,admin,brent_nf_cc,CBF1,YJR060W,unknown,pass,FALSE,ad1,yiming,run_5301_5088,brent,callingcards,71,2025-03-10,2025-03-10T13:37:20.392672-05:00,https://yeastregulatorydb-htcf-data.s3.amazonaws.com/media/promotersetsig/6534.csv.gz,1802,NA,4,1,5
6535,admin,admin,brent_nf_cc,ARO80,YDR421W,unknown,pass,FALSE,ad1,yiming,run_5301_5088,brent,callingcards,67,2025-03-10,2025-03-10T13:37:21.213679-05:00,https://yeastregulatorydb-htcf-data.s3.amazonaws.com/media/promotersetsig/6535.csv.gz,1801,NA,4,1,5
6537,admin,admin,brent_nf_cc,HAP3,YBL021C,unknown,pass,FALSE,ad1,yiming,run_5801,brent,callingcards,61,2025-03-10,2025-03-10T13:37:18.680655-05:00,https://yeastregulatorydb-htcf-data.s3.amazonaws.com/media/promotersetsig/6537.csv.gz,1797,NA,4,1,5
6538,admin,admin,brent_nf_cc,HAP5,YOR358W,unknown,pass,FALSE,ad1,yiming,run_5801,brent,callingcards,62,2025-03-10,2025-03-10T13:37:17.893928-05:00,https://yeastregulatorydb-htcf-data.s3.amazonaws.com/media/promotersetsig/6538.csv.gz,1798,NA,4,1,5
6541,admin,admin,brent_nf_cc,PHO2,YDL106C,unknown,pass,FALSE,ad1,yiming,run_5801,brent,callingcards,63,2025-03-10,2025-03-10T13:37:17.474459-05:00,https://yeastregulatorydb-htcf-data.s3.amazonaws.com/media/promotersetsig/6541.csv.gz,1799,NA,4,1,5
6544,admin,admin,brent_nf_cc,HAP2,YGL237C,unknown,pass,FALSE,ad1,yiming,run_5801,brent,callingcards,60,2025-03-10,2025-03-10T13:37:14.809112-05:00,https://yeastregulatorydb-htcf-data.s3.amazonaws.com/media/promotersetsig/6544.csv.gz,1796,NA,4,1,5
6546,admin,admin,brent_nf_cc,RTG3,YBL103C,unknown,pass,FALSE,ad1,yiming,run_5617,brent,callingcards,40,2025-03-10,2025-03-10T13:37:07.036118-05:00,https://yeastregulatorydb-htcf-data.s3.amazonaws.com/media/promotersetsig/6546.csv.gz,1785,NA,4,1,5
6547,admin,admin,brent_nf_cc,CBF1,YJR060W,unknown,pass,FALSE,ad1,yiming,run_5399,brent,callingcards,14,2025-03-10,2025-03-10T13:37:26.989548-05:00,https://yeastregulatorydb-htcf-data.s3.amazonaws.com/media/promotersetsig/6547.csv.gz,1808,NA,4,1,5
6553,admin,admin,brent_nf_cc,CRZ1,YNL027W,unknown,pass,FALSE,ad1,yiming,run_5610,brent,callingcards,43,2025-03-10,2025-03-10T13:37:32.726207-05:00,https://yeastregulatorydb-htcf-data.s3.amazonaws.com/media/promotersetsig/6553.csv.gz,1813,NA,4,1,5
6554,admin,admin,brent_nf_cc,ROX1,YPR065W,unknown,pass,FALSE,ad1,yiming,run_5654,brent,callingcards,23,2025-03-10,2025-03-10T13:37:12.356469-05:00,https://yeastregulatorydb-htcf-data.s3.amazonaws.com/media/promotersetsig/6554.csv.gz,1790,NA,4,1,5
6557,admin,admin,brent_nf_cc,RTG3,YBL103C,unknown,pass,FALSE,ad1,yiming,run_5614,brent,callingcards,5,2025-03-10,2025-03-10T13:37:40.173854-05:00,https://yeastregulatorydb-htcf-data.s3.amazonaws.com/media/promotersetsig/6557.csv.gz,1821,NA,4,1,5
6558,admin,admin,brent_nf_cc,ROX1,YPR065W,unknown,pass,FALSE,ad1,yiming,run_5614,brent,callingcards,2,2025-03-10,2025-03-10T13:37:38.555779-05:00,https://yeastregulatorydb-htcf-data.s3.amazonaws.com/media/promotersetsig/6558.csv.gz,1820,NA,4,1,5
6559,admin,admin,brent_nf_cc,IXR1,YKL032C,unknown,pass,FALSE,ad1,yiming,run_5610,brent,callingcards,44,2025-03-10,2025-03-10T13:37:35.310231-05:00,https://yeastregulatorydb-htcf-data.s3.amazonaws.com/media/promotersetsig/6559.csv.gz,1815,NA,4,1,5
6561,admin,admin,brent_nf_cc,RTG1,YOL067C,unknown,pass,FALSE,ad1,yiming,run_6061,brent,callingcards,26,2025-03-10,2025-03-10T13:37:43.351578-05:00,https://yeastregulatorydb-htcf-data.s3.amazonaws.com/media/promotersetsig/6561.csv.gz,1825,NA,4,1,5
6570,admin,admin,brent_nf_cc,MET32,YDR253C,unknown,pass,FALSE,ad1,yiming,run_6073,brent,callingcards,93,2025-03-10,2025-03-10T13:37:48.713207-05:00,https://yeastregulatorydb-htcf-data.s3.amazonaws.com/media/promotersetsig/6570.csv.gz,1832,NA,4,1,5
6572,admin,admin,brent_nf_cc,CRZ1,YNL027W,unknown,pass,FALSE,ad1,yiming,run_5614,brent,callingcards,3,2025-03-10,2025-03-10T13:37:37.520170-05:00,https://yeastregulatorydb-htcf-data.s3.amazonaws.com/media/promotersetsig/6572.csv.gz,1818,NA,4,1,5
6573,admin,admin,brent_nf_cc,MET31,YPL038W,unknown,pass,FALSE,ad1,yiming,run_6100,brent,callingcards,82,2025-03-10,2025-03-10T13:37:54.362168-05:00,https://yeastregulatorydb-htcf-data.s3.amazonaws.com/media/promotersetsig/6573.csv.gz,1838,NA,4,1,5
6574,admin,admin,brent_nf_cc,RTG1,YOL067C,unknown,pass,FALSE,ad1,yiming,run_6073,brent,callingcards,90,2025-03-10,2025-03-10T13:37:51.702484-05:00,https://yeastregulatorydb-htcf-data.s3.amazonaws.com/media/promotersetsig/6574.csv.gz,1835,NA,4,1,5
6575,admin,admin,brent_nf_cc,DAL80,YKR034W,unknown,pass,FALSE,ad1,yiming,run_6106,brent,callingcards,84,2025-03-10,2025-03-10T13:37:55.595128-05:00,https://yeastregulatorydb-htcf-data.s3.amazonaws.com/media/promotersetsig/6575.csv.gz,1839,NA,4,1,5
6576,admin,admin,brent_nf_cc,DAL80,YKR034W,unknown,pass,FALSE,ad1,yiming,run_6100,brent,callingcards,79,2025-03-10,2025-03-10T13:37:52.766602-05:00,https://yeastregulatorydb-htcf-data.s3.amazonaws.com/media/promotersetsig/6576.csv.gz,1836,NA,4,1,5
6577,admin,admin,brent_nf_cc,GZF3,YJL110C,unknown,pass,FALSE,ad1,yiming,run_6100,brent,callingcards,80,2025-03-10,2025-03-10T13:37:54.675662-05:00,https://yeastregulatorydb-htcf-data.s3.amazonaws.com/media/promotersetsig/6577.csv.gz,1837,NA,4,1,5
6578,admin,admin,brent_nf_cc,HAP5,YOR358W,unknown,pass,FALSE,ad1,yiming,run_5690,brent,callingcards,75,2025-03-10,2025-03-10T13:37:15.057428-05:00,https://yeastregulatorydb-htcf-data.s3.amazonaws.com/media/promotersetsig/6578.csv.gz,1794,NA,4,1,5
6580,admin,admin,brent_nf_cc,GZF3,YJL110C,unknown,pass,FALSE,ad1,yiming,run_6106,brent,callingcards,85,2025-03-10,2025-03-10T13:37:56.957473-05:00,https://yeastregulatorydb-htcf-data.s3.amazonaws.com/media/promotersetsig/6580.csv.gz,1841,NA,4,1,5
6582,admin,admin,brent_nf_cc,HAP2,YGL237C,unknown,pass,FALSE,ad1,yiming,run_5961,brent,callingcards,15,2025-03-10,2025-03-10T13:38:08.227327-05:00,https://yeastregulatorydb-htcf-data.s3.amazonaws.com/media/promotersetsig/6582.csv.gz,1848,NA,4,1,5
6583,admin,admin,brent_nf_cc,DAL80,YKR034W,unknown,pass,FALSE,ad1,yiming,run_6140,brent,callingcards,95,2025-03-10,2025-03-10T13:38:03.068051-05:00,https://yeastregulatorydb-htcf-data.s3.amazonaws.com/media/promotersetsig/6583.csv.gz,1843,NA,4,1,5
6585,admin,admin,brent_nf_cc,MET31,YPL038W,unknown,pass,FALSE,ad1,yiming,run_6106,brent,callingcards,87,2025-03-10,2025-03-10T13:38:03.264273-05:00,https://yeastregulatorydb-htcf-data.s3.amazonaws.com/media/promotersetsig/6585.csv.gz,1842,NA,4,1,5
6587,admin,admin,brent_nf_cc,HAP3,YBL021C,unknown,pass,FALSE,ad1,yiming,run_5961,brent,callingcards,16,2025-03-10,2025-03-10T13:38:08.124948-05:00,https://yeastregulatorydb-htcf-data.s3.amazonaws.com/media/promotersetsig/6587.csv.gz,1849,NA,4,1,5
6589,admin,admin,brent_nf_cc,DAL80,YKR034W,unknown,pass,FALSE,ad1,yiming,run_6177,brent,callingcards,101,2025-03-10,2025-03-10T13:38:05.703473-05:00,https://yeastregulatorydb-htcf-data.s3.amazonaws.com/media/promotersetsig/6589.csv.gz,1845,NA,4,1,5
6592,admin,admin,brent_nf_cc,IXR1,YKL032C,unknown,pass,FALSE,ad1,yiming,run_5614,brent,callingcards,4,2025-03-10,2025-03-10T13:37:38.120218-05:00,https://yeastregulatorydb-htcf-data.s3.amazonaws.com/media/promotersetsig/6592.csv.gz,1819,NA,4,1,5
6593,admin,admin,brent_nf_cc,HAP3,YBL021C,unknown,pass,FALSE,ad1,yiming,run_5935,brent,callingcards,46,2025-03-10,2025-03-10T13:38:04.380936-05:00,https://yeastregulatorydb-htcf-data.s3.amazonaws.com/media/promotersetsig/6593.csv.gz,1847,NA,4,1,5
6595,admin,admin,brent_nf_cc,ERT1,YBR239C,unknown,pass,FALSE,ad1,yiming,run_5986,brent,callingcards,52,2025-03-10,2025-03-10T13:38:10.801565-05:00,https://yeastregulatorydb-htcf-data.s3.amazonaws.com/media/promotersetsig/6595.csv.gz,1852,NA,4,1,5
6600,admin,admin,brent_nf_cc,HAP5,YOR358W,unknown,pass,FALSE,ad1,yiming,run_5961,brent,callingcards,17,2025-03-10,2025-03-10T13:38:07.402442-05:00,https://yeastregulatorydb-htcf-data.s3.amazonaws.com/media/promotersetsig/6600.csv.gz,1850,NA,4,1,5
6601,admin,admin,brent_nf_cc,MET32,YDR253C,unknown,pass,FALSE,ad1,yiming,run_5986,brent,callingcards,54,2025-03-10,2025-03-10T13:38:10.151981-05:00,https://yeastregulatorydb-htcf-data.s3.amazonaws.com/media/promotersetsig/6601.csv.gz,1853,NA,4,1,5
6602,admin,admin,brent_nf_cc,MET32,YDR253C,unknown,pass,FALSE,ad1,yiming,run_6055,brent,callingcards,59,2025-03-10,2025-03-10T13:38:21.295141-05:00,https://yeastregulatorydb-htcf-data.s3.amazonaws.com/media/promotersetsig/6602.csv.gz,1863,NA,4,1,5
6605,admin,admin,brent_nf_cc,INO2,YDR123C,unknown,pass,FALSE,ad1,yiming,run_6421,brent,callingcards,131,2025-03-10,2025-03-10T13:38:23.267587-05:00,https://yeastregulatorydb-htcf-data.s3.amazonaws.com/media/promotersetsig/6605.csv.gz,1868,NA,4,1,5
6606,admin,admin,brent_nf_cc,ERT1,YBR239C,unknown,pass,FALSE,ad1,yiming,run_6073,brent,callingcards,91,2025-03-10,2025-03-10T13:37:47.974203-05:00,https://yeastregulatorydb-htcf-data.s3.amazonaws.com/media/promotersetsig/6606.csv.gz,1830,NA,4,1,5
6607,admin,admin,brent_nf_cc,MET32,YDR253C,unknown,pass,FALSE,ad1,yiming,run_6061,brent,callingcards,29,2025-03-10,2025-03-10T13:38:23.689458-05:00,https://yeastregulatorydb-htcf-data.s3.amazonaws.com/media/promotersetsig/6607.csv.gz,1867,NA,4,1,5
6611,admin,admin,brent_nf_cc,INO2,YDR123C,unknown,pass,FALSE,ad1,yiming,run_6437,brent,callingcards,144,2025-03-10,2025-03-10T13:38:26.315330-05:00,https://yeastregulatorydb-htcf-data.s3.amazonaws.com/media/promotersetsig/6611.csv.gz,1871,NA,4,1,5
6612,admin,admin,brent_nf_cc,USV1,YPL230W,unknown,pass,FALSE,ad1,yiming,run_6443,brent,callingcards,158,2025-03-10,2025-03-10T13:38:37.008911-05:00,https://yeastregulatorydb-htcf-data.s3.amazonaws.com/media/promotersetsig/6612.csv.gz,1881,NA,4,1,5
6613,admin,admin,brent_nf_cc,USV1,YPL230W,unknown,pass,FALSE,ad1,yiming,run_6437,brent,callingcards,150,2025-03-10,2025-03-10T13:38:32.954135-05:00,https://yeastregulatorydb-htcf-data.s3.amazonaws.com/media/promotersetsig/6613.csv.gz,1876,NA,4,1,5
6616,admin,admin,brent_nf_cc,MET31,YPL038W,unknown,pass,FALSE,ad1,yiming,run_6421,brent,callingcards,130,2025-03-10,2025-03-10T13:38:26.340130-05:00,https://yeastregulatorydb-htcf-data.s3.amazonaws.com/media/promotersetsig/6616.csv.gz,1869,NA,4,1,5
6623,admin,admin,brent_nf_cc,RDS2,YPL133C,unknown,pass,FALSE,ad1,yiming,run_6448,brent,callingcards,388,2025-03-10,2025-03-10T13:38:41.514692-05:00,https://yeastregulatorydb-htcf-data.s3.amazonaws.com/media/promotersetsig/6623.csv.gz,1886,NA,4,1,5
6626,admin,admin,brent_nf_cc,RTG1,YOL067C,unknown,pass,FALSE,ad1,yiming,run_6055,brent,callingcards,56,2025-03-10,2025-03-10T13:38:20.629845-05:00,https://yeastregulatorydb-htcf-data.s3.amazonaws.com/media/promotersetsig/6626.csv.gz,1865,NA,4,1,5
6633,admin,admin,brent_nf_cc,SKO1,YNL167C,unknown,pass,FALSE,ad1,yiming,run_6443,brent,callingcards,156,2025-03-10,2025-03-10T13:38:34.364057-05:00,https://yeastregulatorydb-htcf-data.s3.amazonaws.com/media/promotersetsig/6633.csv.gz,1880,NA,4,1,5
6634,admin,admin,brent_nf_cc,TUP1,YCR084C,unknown,pass,FALSE,ad1,yiming,run_6448,brent,callingcards,389,2025-03-10,2025-03-10T13:38:42.946461-05:00,https://yeastregulatorydb-htcf-data.s3.amazonaws.com/media/promotersetsig/6634.csv.gz,1887,NA,4,1,5
6641,admin,admin,brent_nf_cc,INO2,YDR123C,unknown,pass,FALSE,ad1,yiming,run_6374,brent,callingcards,115,2025-03-10,2025-03-10T13:38:55.528640-05:00,https://yeastregulatorydb-htcf-data.s3.amazonaws.com/media/promotersetsig/6641.csv.gz,1903,NA,4,1,5
6642,admin,admin,brent_nf_cc,GZF3,YJL110C,unknown,pass,FALSE,ad1,yiming,run_6374,brent,callingcards,118,2025-03-10,2025-03-10T13:38:55.276607-05:00,https://yeastregulatorydb-htcf-data.s3.amazonaws.com/media/promotersetsig/6642.csv.gz,1902,NA,4,1,5
6645,admin,admin,brent_nf_cc,MSN2,YMR037C,unknown,pass,FALSE,ad1,yiming,run_6390,brent,callingcards,127,2025-03-10,2025-03-10T13:39:00.658965-05:00,https://yeastregulatorydb-htcf-data.s3.amazonaws.com/media/promotersetsig/6645.csv.gz,1907,NA,4,1,5
6646,admin,admin,brent_nf_cc,MET31,YPL038W,unknown,pass,FALSE,ad1,yiming,run_6374,brent,callingcards,114,2025-03-10,2025-03-10T13:38:58.044979-05:00,https://yeastregulatorydb-htcf-data.s3.amazonaws.com/media/promotersetsig/6646.csv.gz,1904,NA,4,1,5
6647,admin,admin,brent_nf_cc,SKN7,YHR206W,unknown,pass,FALSE,ad1,yiming,run_6354,brent,callingcards,110,2025-03-10,2025-03-10T13:38:55.088418-05:00,https://yeastregulatorydb-htcf-data.s3.amazonaws.com/media/promotersetsig/6647.csv.gz,1901,NA,4,1,5
6650,admin,admin,brent_nf_cc,ASH1,YKL185W,unknown,pass,FALSE,ad1,yiming,run_6506,brent,callingcards,397,2025-03-10,2025-03-10T13:39:06.348449-05:00,https://yeastregulatorydb-htcf-data.s3.amazonaws.com/media/promotersetsig/6650.csv.gz,1915,NA,4,1,5
6651,admin,admin,brent_nf_cc,GZF3,YJL110C,unknown,pass,FALSE,ad1,yiming,run_6421,brent,callingcards,129,2025-03-10,2025-03-10T13:39:03.222593-05:00,https://yeastregulatorydb-htcf-data.s3.amazonaws.com/media/promotersetsig/6651.csv.gz,1911,NA,4,1,5
6654,admin,admin,brent_nf_cc,TUP1,YCR084C,unknown,pass,FALSE,ad1,yiming,run_6454,brent,callingcards,394,2025-03-10,2025-03-10T13:39:09.118105-05:00,https://yeastregulatorydb-htcf-data.s3.amazonaws.com/media/promotersetsig/6654.csv.gz,1918,NA,4,1,5
6657,admin,admin,brent_nf_cc,TUP1,YCR084C,unknown,pass,FALSE,ad1,yiming,run_6513,brent,callingcards,406,2025-03-10,2025-03-10T13:39:18.516776-05:00,https://yeastregulatorydb-htcf-data.s3.amazonaws.com/media/promotersetsig/6657.csv.gz,1923,NA,4,1,5
6658,admin,admin,brent_nf_cc,TUP1,YCR084C,unknown,pass,FALSE,ad1,yiming,run_6513,brent,callingcards,405,2025-03-10,2025-03-10T13:39:19.205880-05:00,https://yeastregulatorydb-htcf-data.s3.amazonaws.com/media/promotersetsig/6658.csv.gz,1922,NA,4,1,5
6659,admin,admin,brent_nf_cc,ROX1,YPR065W,unknown,pass,FALSE,ad1,yiming,run_5610,brent,callingcards,42,2025-03-10,2025-03-10T13:39:16.499448-05:00,https://yeastregulatorydb-htcf-data.s3.amazonaws.com/media/promotersetsig/6659.csv.gz,1919,NA,4,1,5
6664,admin,admin,brent_nf_cc,DOT6,YER088C,unknown,pass,FALSE,ad1,yiming,run_6506,brent,callingcards,399,2025-03-10,2025-03-10T13:39:13.766925-05:00,https://yeastregulatorydb-htcf-data.s3.amazonaws.com/media/promotersetsig/6664.csv.gz,1917,NA,4,1,5
6673,admin,admin,brent_nf_cc,GAL80,YML051W,unknown,pass,FALSE,ad1,yiming,run_6527,brent,callingcards,411,2025-03-10,2025-03-10T13:39:21.047076-05:00,https://yeastregulatorydb-htcf-data.s3.amazonaws.com/media/promotersetsig/6673.csv.gz,1927,NA,4,1,5
6675,admin,admin,brent_nf_cc,GAL80,YML051W,unknown,pass,FALSE,ad1,yiming,run_6527,brent,callingcards,412,2025-03-10,2025-03-10T13:39:24.347537-05:00,https://yeastregulatorydb-htcf-data.s3.amazonaws.com/media/promotersetsig/6675.csv.gz,1928,NA,4,1,5
6676,admin,admin,brent_nf_cc,RDS2,YPL133C,unknown,pass,FALSE,ad1,yiming,run_6454,brent,callingcards,393,2025-03-10,2025-03-10T13:39:03.638493-05:00,https://yeastregulatorydb-htcf-data.s3.amazonaws.com/media/promotersetsig/6676.csv.gz,1912,NA,4,1,5
6678,admin,admin,brent_nf_cc,AFT1,YGL071W,unknown,pass,FALSE,ad1,yiming,run_6513,brent,callingcards,402,2025-03-10,2025-03-10T13:39:24.068196-05:00,https://yeastregulatorydb-htcf-data.s3.amazonaws.com/media/promotersetsig/6678.csv.gz,1931,NA,4,1,5
6680,admin,admin,brent_nf_cc,SKO1,YNL167C,unknown,pass,FALSE,ad1,yiming,run_6390,brent,callingcards,120,2025-03-10,2025-03-10T13:39:00.962549-05:00,https://yeastregulatorydb-htcf-data.s3.amazonaws.com/media/promotersetsig/6680.csv.gz,1909,NA,4,1,5
6681,admin,admin,brent_nf_cc,HAP5,YOR358W,unknown,pass,FALSE,ad1,yiming,run_5935,brent,callingcards,47,2025-03-10,2025-03-10T13:39:34.847753-05:00,https://yeastregulatorydb-htcf-data.s3.amazonaws.com/media/promotersetsig/6681.csv.gz,1942,NA,4,1,5
6683,admin,admin,brent_nf_cc,HAP2,YGL237C,unknown,pass,FALSE,ad1,yiming,run_5935,brent,callingcards,45,2025-03-10,2025-03-10T13:39:32.866591-05:00,https://yeastregulatorydb-htcf-data.s3.amazonaws.com/media/promotersetsig/6683.csv.gz,1941,NA,4,1,5
6686,admin,admin,brent_nf_cc,HAP5,YOR358W,unknown,pass,FALSE,ad1,yiming,run_6021,brent,callingcards,32,2025-03-10,2025-03-10T13:39:41.856258-05:00,https://yeastregulatorydb-htcf-data.s3.amazonaws.com/media/promotersetsig/6686.csv.gz,1950,NA,4,1,5
6691,admin,admin,brent_nf_cc,ASH1,YKL185W,unknown,pass,FALSE,ad1,yiming,run_6532,brent,callingcards,416,2025-03-10,2025-03-10T13:39:44.101882-05:00,https://yeastregulatorydb-htcf-data.s3.amazonaws.com/media/promotersetsig/6691.csv.gz,1954,NA,4,1,5
6692,admin,admin,brent_nf_cc,MTH1,YDR277C,unknown,pass,FALSE,ad1,yiming,run_6354,brent,callingcards,109,2025-03-10,2025-03-10T13:39:41.811828-05:00,https://yeastregulatorydb-htcf-data.s3.amazonaws.com/media/promotersetsig/6692.csv.gz,1951,NA,4,1,5
6693,admin,admin,brent_nf_cc,RDS2,YPL133C,unknown,pass,FALSE,ad1,yiming,run_6532,brent,callingcards,418,2025-03-10,2025-03-10T13:39:35.558516-05:00,https://yeastregulatorydb-htcf-data.s3.amazonaws.com/media/promotersetsig/6693.csv.gz,1944,NA,4,1,5
6695,admin,admin,brent_nf_cc,AFT1,YGL071W,unknown,pass,FALSE,ad1,yiming,run_6545,brent,callingcards,421,2025-03-10,2025-03-10T13:39:39.030202-05:00,https://yeastregulatorydb-htcf-data.s3.amazonaws.com/media/promotersetsig/6695.csv.gz,1947,NA,4,1,5
6696,admin,admin,brent_nf_cc,PHD1,YKL043W,unknown,pass,FALSE,ad1,yiming,run_6923,brent,callingcards,548,2025-03-10,2025-03-10T13:39:45.251703-05:00,https://yeastregulatorydb-htcf-data.s3.amazonaws.com/media/promotersetsig/6696.csv.gz,1955,NA,4,1,5
6701,admin,admin,brent_nf_cc,MOT3,YMR070W,unknown,pass,FALSE,ad1,yiming,run_6924,brent,callingcards,555,2025-03-10,2025-03-10T13:39:49.795859-05:00,https://yeastregulatorydb-htcf-data.s3.amazonaws.com/media/promotersetsig/6701.csv.gz,1959,NA,4,1,5
6702,admin,admin,brent_nf_cc,CHA4,YLR098C,unknown,pass,FALSE,ad1,yiming,run_6567,brent,callingcards,426,2025-03-10,2025-03-10T13:39:56.017382-05:00,https://yeastregulatorydb-htcf-data.s3.amazonaws.com/media/promotersetsig/6702.csv.gz,1967,NA,4,1,5
6703,admin,admin,brent_nf_cc,SKN7,YHR206W,unknown,pass,FALSE,ad1,yiming,run_6390,brent,callingcards,122,2025-03-10,2025-03-10T13:39:52.372842-05:00,https://yeastregulatorydb-htcf-data.s3.amazonaws.com/media/promotersetsig/6703.csv.gz,1962,NA,4,1,5
6705,admin,admin,brent_nf_cc,CHA4,YLR098C,unknown,pass,FALSE,ad1,yiming,run_6572,brent,callingcards,432,2025-03-10,2025-03-10T13:40:01.149006-05:00,https://yeastregulatorydb-htcf-data.s3.amazonaws.com/media/promotersetsig/6705.csv.gz,1973,NA,4,1,5
6708,admin,admin,brent_nf_cc,RDS2,YPL133C,unknown,pass,FALSE,ad1,yiming,run_6374,brent,callingcards,113,2025-03-10,2025-03-10T13:39:46.988814-05:00,https://yeastregulatorydb-htcf-data.s3.amazonaws.com/media/promotersetsig/6708.csv.gz,1956,NA,4,1,5
6709,admin,admin,brent_nf_cc,CRZ1,YNL027W,unknown,pass,FALSE,ad1,yiming,run_5617,brent,callingcards,38,2025-03-10,2025-03-10T13:39:32.140223-05:00,https://yeastregulatorydb-htcf-data.s3.amazonaws.com/media/promotersetsig/6709.csv.gz,1939,NA,4,1,5
6717,admin,admin,brent_nf_cc,GZF3,YJL110C,unknown,pass,FALSE,ad1,yiming,run_6140,brent,callingcards,96,2025-03-10,2025-03-10T13:39:49.508267-05:00,https://yeastregulatorydb-htcf-data.s3.amazonaws.com/media/promotersetsig/6717.csv.gz,1960,NA,4,1,5
6722,admin,admin,brent_nf_cc,CHA4,YLR098C,unknown,pass,FALSE,ad1,yiming,run_6573,brent,callingcards,438,2025-03-10,2025-03-10T13:40:06.305813-05:00,https://yeastregulatorydb-htcf-data.s3.amazonaws.com/media/promotersetsig/6722.csv.gz,1979,NA,4,1,5
6723,admin,admin,brent_nf_cc,CHA4,YLR098C,unknown,pass,FALSE,ad1,yiming,run_6573,brent,callingcards,437,2025-03-10,2025-03-10T13:40:05.934989-05:00,https://yeastregulatorydb-htcf-data.s3.amazonaws.com/media/promotersetsig/6723.csv.gz,1978,NA,4,1,5
6727,admin,admin,brent_nf_cc,AFT1,YGL071W,unknown,pass,FALSE,ad1,yiming,run_6532,brent,callingcards,415,2025-03-10,2025-03-10T13:39:53.286997-05:00,https://yeastregulatorydb-htcf-data.s3.amazonaws.com/media/promotersetsig/6727.csv.gz,1964,NA,4,1,5
6728,admin,admin,brent_nf_cc,MET4,YNL103W,unknown,pass,FALSE,ad1,yiming,run_6689,brent,callingcards,476,2025-03-10,2025-03-10T13:40:19.556877-05:00,https://yeastregulatorydb-htcf-data.s3.amazonaws.com/media/promotersetsig/6728.csv.gz,1994,NA,4,1,5
6731,admin,admin,brent_nf_cc,GIS1,YDR096W,unknown,pass,FALSE,ad1,yiming,run_6677,brent,callingcards,469,2025-03-10,2025-03-10T13:40:13.863580-05:00,https://yeastregulatorydb-htcf-data.s3.amazonaws.com/media/promotersetsig/6731.csv.gz,1987,NA,4,1,5
6736,admin,admin,brent_nf_cc,FZF1,YGL254W,unknown,pass,FALSE,ad1,yiming,run_6651,brent,callingcards,460,2025-03-10,2025-03-10T13:40:22.846037-05:00,https://yeastregulatorydb-htcf-data.s3.amazonaws.com/media/promotersetsig/6736.csv.gz,1997,NA,4,1,5
6737,admin,admin,brent_nf_cc,CIN5,YOR028C,unknown,pass,FALSE,ad1,yiming,run_6635,brent,callingcards,440,2025-03-10,2025-03-10T13:40:26.281024-05:00,https://yeastregulatorydb-htcf-data.s3.amazonaws.com/media/promotersetsig/6737.csv.gz,2002,NA,4,1,5
6742,admin,admin,brent_nf_cc,GAL80,YML051W,unknown,pass,FALSE,ad1,yiming,run_6551,brent,callingcards,466,2025-03-10,2025-03-10T13:40:11.086047-05:00,https://yeastregulatorydb-htcf-data.s3.amazonaws.com/media/promotersetsig/6742.csv.gz,1984,NA,4,1,5
6746,admin,admin,brent_nf_cc,CIN5,YOR028C,unknown,pass,FALSE,ad1,yiming,run_6572,brent,callingcards,433,2025-03-10,2025-03-10T13:40:03.102359-05:00,https://yeastregulatorydb-htcf-data.s3.amazonaws.com/media/promotersetsig/6746.csv.gz,1974,NA,4,1,5
6751,admin,admin,brent_nf_cc,GIS1,YDR096W,unknown,pass,FALSE,ad1,yiming,run_6635,brent,callingcards,443,2025-03-10,2025-03-10T13:40:30.005482-05:00,https://yeastregulatorydb-htcf-data.s3.amazonaws.com/media/promotersetsig/6751.csv.gz,2006,NA,4,1,5
6752,admin,admin,brent_nf_cc,DAT1,YML113W,unknown,pass,FALSE,ad1,yiming,run_6731,brent,callingcards,481,2025-03-10,2025-03-10T13:40:32.581321-05:00,https://yeastregulatorydb-htcf-data.s3.amazonaws.com/media/promotersetsig/6752.csv.gz,2009,NA,4,1,5
6765,admin,admin,brent_nf_cc,DAT1,YML113W,unknown,pass,FALSE,ad1,yiming,run_6651,brent,callingcards,449,2025-03-10,2025-03-10T13:40:39.090532-05:00,https://yeastregulatorydb-htcf-data.s3.amazonaws.com/media/promotersetsig/6765.csv.gz,2017,NA,4,1,5
6770,admin,admin,brent_nf_cc,DAT1,YML113W,unknown,pass,FALSE,ad1,yiming,run_6657,brent,callingcards,454,2025-03-10,2025-03-10T13:40:43.308752-05:00,https://yeastregulatorydb-htcf-data.s3.amazonaws.com/media/promotersetsig/6770.csv.gz,2022,NA,4,1,5
6771,admin,admin,brent_nf_cc,GAL80,YML051W,unknown,pass,FALSE,ad1,yiming,run_6551,brent,callingcards,465,2025-03-10,2025-03-10T13:40:47.821063-05:00,https://yeastregulatorydb-htcf-data.s3.amazonaws.com/media/promotersetsig/6771.csv.gz,2027,NA,4,1,5
6772,admin,admin,brent_nf_cc,MOT3,YMR070W,unknown,pass,FALSE,ad1,yiming,run_6764,brent,callingcards,495,2025-03-10,2025-03-10T13:40:53.437097-05:00,https://yeastregulatorydb-htcf-data.s3.amazonaws.com/media/promotersetsig/6772.csv.gz,2035,NA,4,1,5
6781,admin,admin,brent_nf_cc,PIP2,YOR363C,unknown,pass,FALSE,ad1,yiming,run_6798,brent,callingcards,508,2025-03-10,2025-03-10T13:40:58.999171-05:00,https://yeastregulatorydb-htcf-data.s3.amazonaws.com/media/promotersetsig/6781.csv.gz,2039,NA,4,1,5
6782,admin,admin,brent_nf_cc,PPR1,YLR014C,unknown,pass,FALSE,ad1,yiming,run_6798,brent,callingcards,509,2025-03-10,2025-03-10T13:40:58.120525-05:00,https://yeastregulatorydb-htcf-data.s3.amazonaws.com/media/promotersetsig/6782.csv.gz,2040,NA,4,1,5
6786,admin,admin,brent_nf_cc,MSN2,YMR037C,unknown,pass,FALSE,ad1,yiming,run_6938,brent,callingcards,558,2025-03-10,2025-03-10T13:41:01.017945-05:00,https://yeastregulatorydb-htcf-data.s3.amazonaws.com/media/promotersetsig/6786.csv.gz,2044,NA,4,1,5
6787,admin,admin,brent_nf_cc,TOG1,YER184C,unknown,pass,FALSE,ad1,yiming,run_6954,brent,callingcards,562,2025-03-10,2025-03-10T13:41:08.761597-05:00,https://yeastregulatorydb-htcf-data.s3.amazonaws.com/media/promotersetsig/6787.csv.gz,2052,NA,4,1,5
6788,admin,admin,brent_nf_cc,SMP1,YBR182C,unknown,pass,FALSE,ad1,yiming,run_6853,brent,callingcards,519,2025-03-10,2025-03-10T13:41:11.658036-05:00,https://yeastregulatorydb-htcf-data.s3.amazonaws.com/media/promotersetsig/6788.csv.gz,2055,NA,4,1,5
6789,admin,admin,brent_nf_cc,RPH1,YER169W,unknown,pass,FALSE,ad1,yiming,run_6808,brent,callingcards,514,2025-03-10,2025-03-10T13:41:06.924907-05:00,https://yeastregulatorydb-htcf-data.s3.amazonaws.com/media/promotersetsig/6789.csv.gz,2050,NA,4,1,5
6790,admin,admin,brent_nf_cc,HAA1,YPR008W,unknown,pass,FALSE,ad1,yiming,run_6808,brent,callingcards,513,2025-03-10,2025-03-10T13:41:06.201608-05:00,https://yeastregulatorydb-htcf-data.s3.amazonaws.com/media/promotersetsig/6790.csv.gz,2049,NA,4,1,5
6792,admin,admin,brent_nf_cc,GIS1,YDR096W,unknown,pass,FALSE,ad1,yiming,run_6640,brent,callingcards,445,2025-03-10,2025-03-10T13:41:08.450851-05:00,https://yeastregulatorydb-htcf-data.s3.amazonaws.com/media/promotersetsig/6792.csv.gz,2051,NA,4,1,5
6793,admin,admin,brent_nf_cc,RDR1,YOR380W,unknown,pass,FALSE,ad1,yiming,run_6798,brent,callingcards,510,2025-03-10,2025-03-10T13:41:11.995206-05:00,https://yeastregulatorydb-htcf-data.s3.amazonaws.com/media/promotersetsig/6793.csv.gz,2056,NA,4,1,5
6799,admin,admin,brent_nf_cc,SUM1,YDR310C,unknown,pass,FALSE,ad1,yiming,run_6959,brent,callingcards,572,2025-03-10,2025-03-10T13:41:22.093509-05:00,https://yeastregulatorydb-htcf-data.s3.amazonaws.com/media/promotersetsig/6799.csv.gz,2066,NA,4,1,5
6800,admin,admin,brent_nf_cc,UPC2,YDR213W,unknown,pass,FALSE,ad1,yiming,run_6954,brent,callingcards,564,2025-03-10,2025-03-10T13:41:17.167684-05:00,https://yeastregulatorydb-htcf-data.s3.amazonaws.com/media/promotersetsig/6800.csv.gz,2062,NA,4,1,5
6804,admin,admin,brent_nf_cc,UME1,YPL139C,unknown,pass,FALSE,ad1,yiming,run_6808,brent,callingcards,516,2025-03-10,2025-03-10T13:41:14.650785-05:00,https://yeastregulatorydb-htcf-data.s3.amazonaws.com/media/promotersetsig/6804.csv.gz,2059,NA,4,1,5
6807,admin,admin,brent_nf_cc,PPR1,YLR014C,unknown,pass,FALSE,ad1,yiming,run_6959,brent,callingcards,570,2025-03-10,2025-03-10T13:41:16.148091-05:00,https://yeastregulatorydb-htcf-data.s3.amazonaws.com/media/promotersetsig/6807.csv.gz,2061,NA,4,1,5
6809,admin,admin,brent_nf_cc,SKO1,YNL167C,unknown,pass,FALSE,ad1,yiming,run_6938,brent,callingcards,560,2025-03-10,2025-03-10T13:41:03.707046-05:00,https://yeastregulatorydb-htcf-data.s3.amazonaws.com/media/promotersetsig/6809.csv.gz,2045,NA,4,1,5
6811,admin,admin,brent_nf_cc,SFL1,YOR140W,unknown,pass,FALSE,ad1,yiming,run_6853,brent,callingcards,517,2025-03-10,2025-03-10T13:41:19.625583-05:00,https://yeastregulatorydb-htcf-data.s3.amazonaws.com/media/promotersetsig/6811.csv.gz,2065,NA,4,1,5
6812,admin,admin,brent_nf_cc,PDR1,YGL013C,unknown,pass,FALSE,ad1,yiming,run_6965,brent,callingcards,576,2025-03-10,2025-03-10T13:41:22.154631-05:00,https://yeastregulatorydb-htcf-data.s3.amazonaws.com/media/promotersetsig/6812.csv.gz,2068,NA,4,1,5
6814,admin,admin,brent_nf_cc,INO4,YOL108C,unknown,pass,FALSE,ad1,yiming,run_6861,brent,callingcards,528,2025-03-10,2025-03-10T13:41:24.646883-05:00,https://yeastregulatorydb-htcf-data.s3.amazonaws.com/media/promotersetsig/6814.csv.gz,2071,NA,4,1,5
6815,admin,admin,brent_nf_cc,RLM1,YPL089C,unknown,pass,FALSE,ad1,yiming,run_6798,brent,callingcards,511,2025-03-10,2025-03-10T13:41:24.791123-05:00,https://yeastregulatorydb-htcf-data.s3.amazonaws.com/media/promotersetsig/6815.csv.gz,2069,NA,4,1,5
6816,admin,admin,brent_nf_cc,TOG1,YER184C,unknown,pass,FALSE,ad1,yiming,run_6920,brent,callingcards,542,2025-03-10,2025-03-10T13:41:29.929930-05:00,https://yeastregulatorydb-htcf-data.s3.amazonaws.com/media/promotersetsig/6816.csv.gz,2075,NA,4,1,5
6817,admin,admin,brent_nf_cc,MOT3,YMR070W,unknown,pass,FALSE,ad1,yiming,run_6938,brent,callingcards,557,2025-03-10,2025-03-10T13:41:32.519434-05:00,https://yeastregulatorydb-htcf-data.s3.amazonaws.com/media/promotersetsig/6817.csv.gz,2078,NA,4,1,5
6818,admin,admin,brent_nf_cc,INO4,YOL108C,unknown,pass,FALSE,ad1,yiming,run_6863,brent,callingcards,533,2025-03-10,2025-03-10T13:41:39.058871-05:00,https://yeastregulatorydb-htcf-data.s3.amazonaws.com/media/promotersetsig/6818.csv.gz,2084,NA,4,1,5
6819,admin,admin,brent_nf_cc,ZAP1,YJL056C,unknown,pass,FALSE,ad1,yiming,run_6923,brent,callingcards,551,2025-03-10,2025-03-10T13:41:29.952602-05:00,https://yeastregulatorydb-htcf-data.s3.amazonaws.com/media/promotersetsig/6819.csv.gz,2076,NA,4,1,5
6825,admin,admin,brent_nf_cc,TOG1,YER184C,unknown,pass,FALSE,ad1,yiming,run_6855,brent,callingcards,523,2025-03-10,2025-03-10T13:41:27.353324-05:00,https://yeastregulatorydb-htcf-data.s3.amazonaws.com/media/promotersetsig/6825.csv.gz,2074,NA,4,1,5
6826,admin,admin,brent_nf_cc,SKN7,YHR206W,unknown,pass,FALSE,ad1,yiming,run_6938,brent,callingcards,559,2025-03-10,2025-03-10T13:41:32.958877-05:00,https://yeastregulatorydb-htcf-data.s3.amazonaws.com/media/promotersetsig/6826.csv.gz,2079,NA,4,1,5
6827,admin,admin,brent_nf_cc,ZAP1,YJL056C,unknown,pass,FALSE,ad1,yiming,run_6959,brent,callingcards,573,2025-03-10,2025-03-10T13:41:42.934243-05:00,https://yeastregulatorydb-htcf-data.s3.amazonaws.com/media/promotersetsig/6827.csv.gz,2090,NA,4,1,5
6828,admin,admin,brent_nf_cc,UPC2,YDR213W,unknown,pass,FALSE,ad1,yiming,run_6863,brent,callingcards,535,2025-03-10,2025-03-10T13:41:36.628294-05:00,https://yeastregulatorydb-htcf-data.s3.amazonaws.com/media/promotersetsig/6828.csv.gz,2083,NA,4,1,5
6829,admin,admin,brent_nf_cc,PDR3,YBL005W,unknown,pass,FALSE,ad1,yiming,run_6959,brent,callingcards,569,2025-03-10,2025-03-10T13:41:41.831399-05:00,https://yeastregulatorydb-htcf-data.s3.amazonaws.com/media/promotersetsig/6829.csv.gz,2088,NA,4,1,5
6831,admin,admin,brent_nf_cc,RPH1,YER169W,unknown,pass,FALSE,ad1,yiming,run_6855,brent,callingcards,521,2025-03-10,2025-03-10T13:41:48.059892-05:00,https://yeastregulatorydb-htcf-data.s3.amazonaws.com/media/promotersetsig/6831.csv.gz,2096,NA,4,1,5
6832,admin,admin,brent_nf_cc,UME1,YPL139C,unknown,pass,FALSE,ad1,yiming,run_6855,brent,callingcards,525,2025-03-10,2025-03-10T13:41:47.175514-05:00,https://yeastregulatorydb-htcf-data.s3.amazonaws.com/media/promotersetsig/6832.csv.gz,2095,NA,4,1,5
6833,admin,admin,brent_nf_cc,INO4,YOL108C,unknown,pass,FALSE,ad1,yiming,run_6954,brent,callingcards,561,2025-03-10,2025-03-10T13:41:44.359043-05:00,https://yeastregulatorydb-htcf-data.s3.amazonaws.com/media/promotersetsig/6833.csv.gz,2091,NA,4,1,5
6835,admin,admin,brent_nf_cc,VHR1,YIL056W,unknown,pass,FALSE,ad1,yiming,run_6861,brent,callingcards,529,2025-03-10,2025-03-10T13:41:27.396259-05:00,https://yeastregulatorydb-htcf-data.s3.amazonaws.com/media/promotersetsig/6835.csv.gz,2072,NA,4,1,5
6836,admin,admin,brent_nf_cc,MET4,YNL103W,unknown,pass,FALSE,ad1,yiming,run_6924,brent,callingcards,554,2025-03-10,2025-03-10T13:41:30.490112-05:00,https://yeastregulatorydb-htcf-data.s3.amazonaws.com/media/promotersetsig/6836.csv.gz,2077,NA,4,1,5
6841,admin,admin,brent_nf_cc,PDR3,YBL005W,unknown,pass,FALSE,ad1,yiming,run_6965,brent,callingcards,577,2025-03-10,2025-03-10T13:41:50.418925-05:00,https://yeastregulatorydb-htcf-data.s3.amazonaws.com/media/promotersetsig/6841.csv.gz,2099,NA,4,1,5
6847,admin,admin,brent_nf_cc,YHP1,YDR451C,unknown,pass,FALSE,ad1,yiming,run_6965,brent,callingcards,580,2025-03-10,2025-03-10T13:41:53.276503-05:00,https://yeastregulatorydb-htcf-data.s3.amazonaws.com/media/promotersetsig/6847.csv.gz,2102,NA,4,1,5
6849,admin,admin,brent_nf_cc,TEC1,YBR083W,unknown,pass,FALSE,ad1,yiming,run_7012,brent,callingcards,589,2025-03-10,2025-03-10T13:42:05.220675-05:00,https://yeastregulatorydb-htcf-data.s3.amazonaws.com/media/promotersetsig/6849.csv.gz,2115,NA,4,1,5
6851,admin,admin,brent_nf_cc,VHR1,YIL056W,unknown,pass,FALSE,ad1,yiming,run_6855,brent,callingcards,526,2025-03-10,2025-03-10T13:42:02.809673-05:00,https://yeastregulatorydb-htcf-data.s3.amazonaws.com/media/promotersetsig/6851.csv.gz,2112,NA,4,1,5
6854,admin,admin,brent_nf_cc,TEC1,YBR083W,unknown,pass,FALSE,ad1,yiming,run_6983,brent,callingcards,585,2025-03-10,2025-03-10T13:41:59.129313-05:00,https://yeastregulatorydb-htcf-data.s3.amazonaws.com/media/promotersetsig/6854.csv.gz,2108,NA,4,1,5
6855,admin,admin,brent_nf_cc,PHO2,YDL106C,unknown,pass,FALSE,ad1,yiming,run_6021,brent,callingcards,none,2025-03-10,2025-03-10T13:42:07.707631-05:00,https://yeastregulatorydb-htcf-data.s3.amazonaws.com/media/promotersetsig/6855.csv.gz,2117,NA,4,1,5
6856,admin,admin,brent_nf_cc,XBP1,YIL101C,unknown,pass,FALSE,ad1,yiming,run_6855,brent,callingcards,527,2025-03-10,2025-03-10T13:42:02.765801-05:00,https://yeastregulatorydb-htcf-data.s3.amazonaws.com/media/promotersetsig/6856.csv.gz,2113,NA,4,1,5
6857,admin,admin,brent_nf_cc,WTM1,YOR230W,unknown,pass,FALSE,ad1,yiming,run_6954,brent,callingcards,565,2025-03-10,2025-03-10T13:41:55.168833-05:00,https://yeastregulatorydb-htcf-data.s3.amazonaws.com/media/promotersetsig/6857.csv.gz,2104,NA,4,1,5
6860,admin,admin,brent_nf_cc,PDR1,YGL013C,unknown,pass,FALSE,ad1,yiming,run_6983,brent,callingcards,582,2025-03-10,2025-03-10T13:41:56.289505-05:00,https://yeastregulatorydb-htcf-data.s3.amazonaws.com/media/promotersetsig/6860.csv.gz,2105,NA,4,1,5
6861,admin,admin,brent_nf_cc,RDR1,YOR380W,unknown,pass,FALSE,ad1,yiming,run_6965,brent,callingcards,578,2025-03-10,2025-03-10T13:41:52.455975-05:00,https://yeastregulatorydb-htcf-data.s3.amazonaws.com/media/promotersetsig/6861.csv.gz,2100,NA,4,1,5
6863,admin,admin,brent_nf_cc,MSN2,YMR037C,unknown,pass,FALSE,ad1,yiming,run_6390,brent,callingcards,none,2025-03-10,2025-03-10T13:42:08.013971-05:00,https://yeastregulatorydb-htcf-data.s3.amazonaws.com/media/promotersetsig/6863.csv.gz,2118,NA,4,1,5
6864,admin,admin,brent_nf_cc,SMP1,YBR182C,unknown,pass,FALSE,ad1,yiming,run_6853,brent,callingcards,none,2025-03-10,2025-03-10T13:42:10.486595-05:00,https://yeastregulatorydb-htcf-data.s3.amazonaws.com/media/promotersetsig/6864.csv.gz,2120,NA,4,1,5
6866,admin,admin,brent_nf_cc,SUM1,YDR310C,unknown,pass,FALSE,ad1,yiming,run_7012,brent,callingcards,588,2025-03-10,2025-03-10T13:42:04.713996-05:00,https://yeastregulatorydb-htcf-data.s3.amazonaws.com/media/promotersetsig/6866.csv.gz,2114,NA,4,1,5
7017,admin,admin,brent_nf_cc,SWI4,YER111C,unknown,pass,FALSE,ad1,yiming,CS002,brent,callingcards,none,2025-03-10,2025-03-10T13:42:13.281644-05:00,https://yeastregulatorydb-htcf-data.s3.amazonaws.com/media/promotersetsig/7017.csv.gz,2123,NA,4,1,5
7018,admin,admin,brent_nf_cc,SWI5,YDR146C,unknown,pass,FALSE,ad1,yiming,CS002,brent,callingcards,none,2025-03-10,2025-03-10T13:42:13.307805-05:00,https://yeastregulatorydb-htcf-data.s3.amazonaws.com/media/promotersetsig/7018.csv.gz,2124,NA,4,1,5
7019,admin,admin,brent_nf_cc,SWI6,YLR182W,unknown,pass,FALSE,ad1,yiming,CS002,brent,callingcards,none,2025-03-10,2025-03-10T13:42:12.993059-05:00,https://yeastregulatorydb-htcf-data.s3.amazonaws.com/media/promotersetsig/7019.csv.gz,2125,NA,4,1,5
7021,admin,admin,brent_nf_cc,ACE2,YLR131C,unknown,pass,FALSE,ad1,yiming,CS003,brent,callingcards,none,2025-03-10,2025-03-10T13:42:15.454306-05:00,https://yeastregulatorydb-htcf-data.s3.amazonaws.com/media/promotersetsig/7021.csv.gz,2127,NA,4,1,5
7022,admin,admin,brent_nf_cc,MIG1,YGL035C,unknown,pass,FALSE,ad1,yiming,CS003,brent,callingcards,none,2025-03-10,2025-03-10T13:42:16.041658-05:00,https://yeastregulatorydb-htcf-data.s3.amazonaws.com/media/promotersetsig/7022.csv.gz,2128,NA,4,1,5
7027,admin,admin,brent_nf_cc,LEU3,YLR451W,unknown,pass,FALSE,ad1,yiming,CS004,brent,callingcards,none,2025-03-10,2025-03-10T13:42:20.589626-05:00,https://yeastregulatorydb-htcf-data.s3.amazonaws.com/media/promotersetsig/7027.csv.gz,2133,NA,4,1,5
7028,admin,admin,brent_nf_cc,STB5,YHR178W,unknown,pass,FALSE,ad1,yiming,CS004,brent,callingcards,none,2025-03-10,2025-03-10T13:42:20.849642-05:00,https://yeastregulatorydb-htcf-data.s3.amazonaws.com/media/promotersetsig/7028.csv.gz,2134,NA,4,1,5
7030,admin,admin,brent_nf_cc,TEA1,YOR337W,unknown,pass,FALSE,ad1,yiming,CS004,brent,callingcards,none,2025-03-10,2025-03-10T13:42:23.484489-05:00,https://yeastregulatorydb-htcf-data.s3.amazonaws.com/media/promotersetsig/7030.csv.gz,2136,NA,4,1,5
7031,admin,admin,brent_nf_cc,URC2,YDR520C,unknown,pass,FALSE,ad1,yiming,CS004,brent,callingcards,none,2025-03-10,2025-03-10T13:42:23.605668-05:00,https://yeastregulatorydb-htcf-data.s3.amazonaws.com/media/promotersetsig/7031.csv.gz,2137,NA,4,1,5
7035,admin,admin,brent_nf_cc,MBP1,YDL056W,unknown,pass,FALSE,ad1,yiming,CS005,brent,callingcards,none,2025-03-10,2025-03-10T13:42:29.114328-05:00,https://yeastregulatorydb-htcf-data.s3.amazonaws.com/media/promotersetsig/7035.csv.gz,2141,NA,4,1,5
7039,admin,admin,brent_nf_cc,CBF1,YJR060W,unknown,pass,FALSE,ad1,yiming,CS006,brent,callingcards,none,2025-03-10,2025-03-10T13:42:31.107830-05:00,https://yeastregulatorydb-htcf-data.s3.amazonaws.com/media/promotersetsig/7039.csv.gz,2145,NA,4,1,5
7040,admin,admin,brent_nf_cc,RPN4,YDL020C,unknown,pass,FALSE,ad1,yiming,CS006,brent,callingcards,none,2025-03-10,2025-03-10T13:42:31.475695-05:00,https://yeastregulatorydb-htcf-data.s3.amazonaws.com/media/promotersetsig/7040.csv.gz,2146,NA,4,1,5
7041,admin,admin,brent_nf_cc,SOK2,YMR016C,unknown,pass,FALSE,ad1,yiming,CS006,brent,callingcards,none,2025-03-10,2025-03-10T13:42:34.297317-05:00,https://yeastregulatorydb-htcf-data.s3.amazonaws.com/media/promotersetsig/7041.csv.gz,2147,NA,4,1,5
7042,admin,admin,brent_nf_cc,STP2,YHR006W,unknown,pass,FALSE,ad1,yiming,CS006,brent,callingcards,none,2025-03-10,2025-03-10T13:42:34.687450-05:00,https://yeastregulatorydb-htcf-data.s3.amazonaws.com/media/promotersetsig/7042.csv.gz,2148,NA,4,1,5
7044,admin,admin,brent_nf_cc,CBF1,YJR060W,unknown,pass,FALSE,ad1,yiming,CS006b,brent,callingcards,none,2025-03-10,2025-03-10T13:42:37.116068-05:00,https://yeastregulatorydb-htcf-data.s3.amazonaws.com/media/promotersetsig/7044.csv.gz,2150,NA,4,1,5
7045,admin,admin,brent_nf_cc,RPN4,YDL020C,unknown,pass,FALSE,ad1,yiming,CS006b,brent,callingcards,none,2025-03-10,2025-03-10T13:42:37.704810-05:00,https://yeastregulatorydb-htcf-data.s3.amazonaws.com/media/promotersetsig/7045.csv.gz,2151,NA,4,1,5
7046,admin,admin,brent_nf_cc,SOK2,YMR016C,unknown,pass,FALSE,ad1,yiming,CS006b,brent,callingcards,none,2025-03-10,2025-03-10T13:42:37.173052-05:00,https://yeastregulatorydb-htcf-data.s3.amazonaws.com/media/promotersetsig/7046.csv.gz,2152,NA,4,1,5
7047,admin,admin,brent_nf_cc,STP2,YHR006W,unknown,pass,FALSE,ad1,yiming,CS006b,brent,callingcards,none,2025-03-10,2025-03-10T13:42:40.384468-05:00,https://yeastregulatorydb-htcf-data.s3.amazonaws.com/media/promotersetsig/7047.csv.gz,2153,NA,4,1,5
7050,admin,admin,brent_nf_cc,CBF1,YJR060W,unknown,pass,FALSE,ad1,yiming,CS007,brent,callingcards,none,2025-03-10,2025-03-10T13:42:48.182705-05:00,https://yeastregulatorydb-htcf-data.s3.amazonaws.com/media/promotersetsig/7050.csv.gz,2156,NA,4,1,5
7051,admin,admin,brent_nf_cc,CHA4,YLR098C,unknown,pass,FALSE,ad1,yiming,CS007,brent,callingcards,none,2025-03-10,2025-03-10T13:42:43.019382-05:00,https://yeastregulatorydb-htcf-data.s3.amazonaws.com/media/promotersetsig/7051.csv.gz,2157,NA,4,1,5
7052,admin,admin,brent_nf_cc,HAL9,YOL089C,unknown,pass,FALSE,ad1,yiming,CS007,brent,callingcards,none,2025-03-10,2025-03-10T13:42:43.388898-05:00,https://yeastregulatorydb-htcf-data.s3.amazonaws.com/media/promotersetsig/7052.csv.gz,2158,NA,4,1,5
7053,admin,admin,brent_nf_cc,OAF1,YAL051W,unknown,pass,FALSE,ad1,yiming,CS007,brent,callingcards,none,2025-03-10,2025-03-10T13:42:51.324428-05:00,https://yeastregulatorydb-htcf-data.s3.amazonaws.com/media/promotersetsig/7053.csv.gz,2159,NA,4,1,5
7054,admin,admin,brent_nf_cc,GAL4,YPL248C,unknown,pass,FALSE,ad1,yiming,CS008,brent,callingcards,none,2025-03-10,2025-03-10T13:42:47.723783-05:00,https://yeastregulatorydb-htcf-data.s3.amazonaws.com/media/promotersetsig/7054.csv.gz,2160,NA,4,1,5
7055,admin,admin,brent_nf_cc,GAL4,YPL248C,unknown,pass,FALSE,ad1,yiming,CS008,brent,callingcards,none,2025-03-10,2025-03-10T13:42:47.553371-05:00,https://yeastregulatorydb-htcf-data.s3.amazonaws.com/media/promotersetsig/7055.csv.gz,2161,NA,4,1,5
7058,admin,admin,brent_nf_cc,CBF1,YJR060W,unknown,pass,FALSE,ad1,yiming,CS009,brent,callingcards,none,2025-03-10,2025-03-10T13:42:50.327915-05:00,https://yeastregulatorydb-htcf-data.s3.amazonaws.com/media/promotersetsig/7058.csv.gz,2164,NA,4,1,5
7059,admin,admin,brent_nf_cc,CIN5,YOR028C,unknown,pass,FALSE,ad1,yiming,CS009,brent,callingcards,none,2025-03-10,2025-03-10T13:42:56.937361-05:00,https://yeastregulatorydb-htcf-data.s3.amazonaws.com/media/promotersetsig/7059.csv.gz,2165,NA,4,1,5
7060,admin,admin,brent_nf_cc,CST6,YIL036W,unknown,pass,FALSE,ad1,yiming,CS009,brent,callingcards,none,2025-03-10,2025-03-10T13:42:53.453000-05:00,https://yeastregulatorydb-htcf-data.s3.amazonaws.com/media/promotersetsig/7060.csv.gz,2166,NA,4,1,5
7062,admin,admin,brent_nf_cc,YAP6,YDR259C,unknown,pass,FALSE,ad1,yiming,CS009,brent,callingcards,none,2025-03-10,2025-03-10T13:42:56.328773-05:00,https://yeastregulatorydb-htcf-data.s3.amazonaws.com/media/promotersetsig/7062.csv.gz,2168,NA,4,1,5
7063,admin,admin,brent_nf_cc,ACA1,YER045C,unknown,pass,FALSE,ad1,yiming,CS010,brent,callingcards,none,2025-03-10,2025-03-10T13:42:56.135914-05:00,https://yeastregulatorydb-htcf-data.s3.amazonaws.com/media/promotersetsig/7063.csv.gz,2169,NA,4,1,5
7064,admin,admin,brent_nf_cc,ARO80,YDR421W,unknown,pass,FALSE,ad1,yiming,CS010,brent,callingcards,none,2025-03-10,2025-03-10T13:42:58.685550-05:00,https://yeastregulatorydb-htcf-data.s3.amazonaws.com/media/promotersetsig/7064.csv.gz,2170,NA,4,1,5
7065,admin,admin,brent_nf_cc,CHA4,YLR098C,unknown,pass,FALSE,ad1,yiming,CS010,brent,callingcards,none,2025-03-10,2025-03-10T13:42:59.015345-05:00,https://yeastregulatorydb-htcf-data.s3.amazonaws.com/media/promotersetsig/7065.csv.gz,2171,NA,4,1,5
7067,admin,admin,brent_nf_cc,OAF1,YAL051W,unknown,pass,FALSE,ad1,yiming,CS010,brent,callingcards,none,2025-03-10,2025-03-10T13:43:01.483798-05:00,https://yeastregulatorydb-htcf-data.s3.amazonaws.com/media/promotersetsig/7067.csv.gz,2173,NA,4,1,5
7069,admin,admin,brent_nf_cc,SUM1,YDR310C,unknown,pass,FALSE,ad1,yiming,CS010,brent,callingcards,none,2025-03-10,2025-03-10T13:43:02.014510-05:00,https://yeastregulatorydb-htcf-data.s3.amazonaws.com/media/promotersetsig/7069.csv.gz,2175,NA,4,1,5
7071,admin,admin,brent_nf_cc,AZF1,YOR113W,unknown,pass,FALSE,ad1,yiming,CS011,brent,callingcards,none,2025-03-10,2025-03-10T13:43:04.338482-05:00,https://yeastregulatorydb-htcf-data.s3.amazonaws.com/media/promotersetsig/7071.csv.gz,2177,NA,4,1,5
7077,admin,admin,brent_nf_cc,CBF1,YJR060W,unknown,pass,FALSE,ad1,yiming,DS001,brent,callingcards,none,2025-03-10,2025-03-10T13:43:10.049449-05:00,https://yeastregulatorydb-htcf-data.s3.amazonaws.com/media/promotersetsig/7077.csv.gz,2183,NA,4,1,5
7079,admin,admin,brent_nf_cc,LYS14,YDR034C,unknown,pass,FALSE,ad1,yiming,DS001,brent,callingcards,none,2025-03-10,2025-03-10T13:43:11.845434-05:00,https://yeastregulatorydb-htcf-data.s3.amazonaws.com/media/promotersetsig/7079.csv.gz,2185,NA,4,1,5
7080,admin,admin,brent_nf_cc,RGT1,YKL038W,unknown,pass,FALSE,ad1,yiming,DS001,brent,callingcards,none,2025-03-10,2025-03-10T13:43:12.852889-05:00,https://yeastregulatorydb-htcf-data.s3.amazonaws.com/media/promotersetsig/7080.csv.gz,2186,NA,4,1,5
7082,admin,admin,brent_nf_cc,GCN4,YEL009C,unknown,pass,FALSE,ad1,yiming,DS002,brent,callingcards,none,2025-03-10,2025-03-10T13:43:14.861743-05:00,https://yeastregulatorydb-htcf-data.s3.amazonaws.com/media/promotersetsig/7082.csv.gz,2188,NA,4,1,5
7083,admin,admin,brent_nf_cc,TYE7,YOR344C,unknown,pass,FALSE,ad1,yiming,DS002,brent,callingcards,none,2025-03-10,2025-03-10T13:43:15.749781-05:00,https://yeastregulatorydb-htcf-data.s3.amazonaws.com/media/promotersetsig/7083.csv.gz,2189,NA,4,1,5
7084,admin,admin,brent_nf_cc,CBF1,YJR060W,unknown,pass,FALSE,ad1,yiming,DS003,brent,callingcards,none,2025-03-10,2025-03-10T13:43:14.833316-05:00,https://yeastregulatorydb-htcf-data.s3.amazonaws.com/media/promotersetsig/7084.csv.gz,2190,NA,4,1,5
7085,admin,admin,brent_nf_cc,GCN4,YEL009C,unknown,pass,FALSE,ad1,yiming,DS003,brent,callingcards,none,2025-03-10,2025-03-10T13:43:18.178505-05:00,https://yeastregulatorydb-htcf-data.s3.amazonaws.com/media/promotersetsig/7085.csv.gz,2191,NA,4,1,5
7087,admin,admin,brent_nf_cc,CBF1,YJR060W,unknown,pass,FALSE,ad1,yiming,DS005,brent,callingcards,none,2025-03-10,2025-03-10T13:43:18.495582-05:00,https://yeastregulatorydb-htcf-data.s3.amazonaws.com/media/promotersetsig/7087.csv.gz,2193,NA,4,1,5
7090,admin,admin,brent_nf_cc,RFX1,YLR176C,unknown,pass,FALSE,ad1,yiming,DS005,brent,callingcards,none,2025-03-10,2025-03-10T13:43:21.444212-05:00,https://yeastregulatorydb-htcf-data.s3.amazonaws.com/media/promotersetsig/7090.csv.gz,2196,NA,4,1,5
7091,admin,admin,brent_nf_cc,RGM1,YMR182C,unknown,pass,FALSE,ad1,yiming,DS005,brent,callingcards,none,2025-03-10,2025-03-10T13:43:22.825704-05:00,https://yeastregulatorydb-htcf-data.s3.amazonaws.com/media/promotersetsig/7091.csv.gz,2197,NA,4,1,5
7092,admin,admin,brent_nf_cc,ARG80,YMR042W,unknown,pass,FALSE,ad1,yiming,DS006,brent,callingcards,none,2025-03-10,2025-03-10T13:43:23.470664-05:00,https://yeastregulatorydb-htcf-data.s3.amazonaws.com/media/promotersetsig/7092.csv.gz,2198,NA,4,1,5
7093,admin,admin,brent_nf_cc,CBF1,YJR060W,unknown,pass,FALSE,ad1,yiming,DS006,brent,callingcards,none,2025-03-10,2025-03-10T13:43:24.036256-05:00,https://yeastregulatorydb-htcf-data.s3.amazonaws.com/media/promotersetsig/7093.csv.gz,2199,NA,4,1,5
7094,admin,admin,brent_nf_cc,LEU3,YLR451W,unknown,pass,FALSE,ad1,yiming,DS006,brent,callingcards,none,2025-03-10,2025-03-10T13:43:26.624009-05:00,https://yeastregulatorydb-htcf-data.s3.amazonaws.com/media/promotersetsig/7094.csv.gz,2200,NA,4,1,5
7095,admin,admin,brent_nf_cc,SEF1,YBL066C,unknown,pass,FALSE,ad1,yiming,DS006,brent,callingcards,none,2025-03-10,2025-03-10T13:43:25.523683-05:00,https://yeastregulatorydb-htcf-data.s3.amazonaws.com/media/promotersetsig/7095.csv.gz,2201,NA,4,1,5
7104,admin,admin,brent_nf_cc,AZF1,YOR113W,unknown,pass,FALSE,ad1,yiming,DS008,brent,callingcards,none,2025-03-10,2025-03-10T13:43:34.608774-05:00,https://yeastregulatorydb-htcf-data.s3.amazonaws.com/media/promotersetsig/7104.csv.gz,2210,NA,4,1,5
7106,admin,admin,brent_nf_cc,CBF1,YJR060W,unknown,pass,FALSE,ad1,yiming,DS008,brent,callingcards,none,2025-03-10,2025-03-10T13:43:35.965354-05:00,https://yeastregulatorydb-htcf-data.s3.amazonaws.com/media/promotersetsig/7106.csv.gz,2212,NA,4,1,5
7110,admin,admin,brent_nf_cc,CBF1,YJR060W,unknown,pass,FALSE,ad1,yiming,GJ001,brent,callingcards,none,2025-03-10,2025-03-10T13:43:39.698536-05:00,https://yeastregulatorydb-htcf-data.s3.amazonaws.com/media/promotersetsig/7110.csv.gz,2216,NA,4,1,5
7111,admin,admin,brent_nf_cc,PUT3,YKL015W,unknown,pass,FALSE,ad1,yiming,GJ001,brent,callingcards,none,2025-03-10,2025-03-10T13:43:41.059065-05:00,https://yeastregulatorydb-htcf-data.s3.amazonaws.com/media/promotersetsig/7111.csv.gz,2217,NA,4,1,5
7113,admin,admin,brent_nf_cc,TEA1,YOR337W,unknown,pass,FALSE,ad1,yiming,GJ001,brent,callingcards,none,2025-03-10,2025-03-10T13:43:42.477940-05:00,https://yeastregulatorydb-htcf-data.s3.amazonaws.com/media/promotersetsig/7113.csv.gz,2219,NA,4,1,5
7114,admin,admin,brent_nf_cc,URC2,YDR520C,unknown,pass,FALSE,ad1,yiming,GJ001,brent,callingcards,none,2025-03-10,2025-03-10T13:43:43.335291-05:00,https://yeastregulatorydb-htcf-data.s3.amazonaws.com/media/promotersetsig/7114.csv.gz,2220,NA,4,1,5
7116,admin,admin,brent_nf_cc,CBF1,YJR060W,unknown,pass,FALSE,ad1,yiming,GJ002,brent,callingcards,none,2025-03-10,2025-03-10T13:43:45.146632-05:00,https://yeastregulatorydb-htcf-data.s3.amazonaws.com/media/promotersetsig/7116.csv.gz,2222,NA,4,1,5
7120,admin,admin,brent_nf_cc,CYC8,YBR112C,unknown,pass,FALSE,ad1,yiming,GJ003,brent,callingcards,none,2025-03-10,2025-03-10T13:43:48.141372-05:00,https://yeastregulatorydb-htcf-data.s3.amazonaws.com/media/promotersetsig/7120.csv.gz,2226,NA,4,1,5
7123,admin,admin,brent_nf_cc,NRG1,YDR043C,unknown,pass,FALSE,ad1,yiming,GJ003,brent,callingcards,none,2025-03-10,2025-03-10T13:43:50.308093-05:00,https://yeastregulatorydb-htcf-data.s3.amazonaws.com/media/promotersetsig/7123.csv.gz,2229,NA,4,1,5
7127,admin,admin,brent_nf_cc,FKH1,YIL131C,unknown,pass,FALSE,ad1,yiming,GJ004,brent,callingcards,none,2025-03-10,2025-03-10T13:43:54.000695-05:00,https://yeastregulatorydb-htcf-data.s3.amazonaws.com/media/promotersetsig/7127.csv.gz,2233,NA,4,1,5
7128,admin,admin,brent_nf_cc,FKH2,YNL068C,unknown,pass,FALSE,ad1,yiming,GJ004,brent,callingcards,none,2025-03-10,2025-03-10T13:43:54.572379-05:00,https://yeastregulatorydb-htcf-data.s3.amazonaws.com/media/promotersetsig/7128.csv.gz,2234,NA,4,1,5
7129,admin,admin,brent_nf_cc,STP1,YDR463W,unknown,pass,FALSE,ad1,yiming,GJ004,brent,callingcards,none,2025-03-10,2025-03-10T13:43:55.302843-05:00,https://yeastregulatorydb-htcf-data.s3.amazonaws.com/media/promotersetsig/7129.csv.gz,2235,NA,4,1,5
7132,admin,admin,brent_nf_cc,CBF1,YJR060W,unknown,pass,FALSE,ad1,yiming,GJ005,brent,callingcards,none,2025-03-10,2025-03-10T13:43:57.073976-05:00,https://yeastregulatorydb-htcf-data.s3.amazonaws.com/media/promotersetsig/7132.csv.gz,2238,NA,4,1,5
7136,admin,admin,brent_nf_cc,YOX1,YML027W,unknown,pass,FALSE,ad1,yiming,GJ005,brent,callingcards,none,2025-03-10,2025-03-10T13:44:01.066865-05:00,https://yeastregulatorydb-htcf-data.s3.amazonaws.com/media/promotersetsig/7136.csv.gz,2242,NA,4,1,5
7138,admin,admin,brent_nf_cc,CYC8,YBR112C,unknown,pass,FALSE,ad1,yiming,GJ006,brent,callingcards,none,2025-03-10,2025-03-10T13:44:02.187417-05:00,https://yeastregulatorydb-htcf-data.s3.amazonaws.com/media/promotersetsig/7138.csv.gz,2244,NA,4,1,5
7141,admin,admin,brent_nf_cc,NRG1,YDR043C,unknown,pass,FALSE,ad1,yiming,GJ006,brent,callingcards,none,2025-03-10,2025-03-10T13:44:04.543539-05:00,https://yeastregulatorydb-htcf-data.s3.amazonaws.com/media/promotersetsig/7141.csv.gz,2247,NA,4,1,5
7145,admin,admin,brent_nf_cc,FKH1,YIL131C,unknown,pass,FALSE,ad1,yiming,GJ007,brent,callingcards,none,2025-03-10,2025-03-10T13:44:08.461640-05:00,https://yeastregulatorydb-htcf-data.s3.amazonaws.com/media/promotersetsig/7145.csv.gz,2251,NA,4,1,5
7146,admin,admin,brent_nf_cc,FKH2,YNL068C,unknown,pass,FALSE,ad1,yiming,GJ007,brent,callingcards,none,2025-03-10,2025-03-10T13:44:09.796257-05:00,https://yeastregulatorydb-htcf-data.s3.amazonaws.com/media/promotersetsig/7146.csv.gz,2252,NA,4,1,5
7147,admin,admin,brent_nf_cc,STP1,YDR463W,unknown,pass,FALSE,ad1,yiming,GJ007,brent,callingcards,none,2025-03-10,2025-03-10T13:44:10.621705-05:00,https://yeastregulatorydb-htcf-data.s3.amazonaws.com/media/promotersetsig/7147.csv.gz,2253,NA,4,1,5
7150,admin,admin,brent_nf_cc,CBF1,YJR060W,unknown,pass,FALSE,ad1,yiming,MAG001,brent,callingcards,none,2025-03-10,2025-03-10T13:44:12.526773-05:00,https://yeastregulatorydb-htcf-data.s3.amazonaws.com/media/promotersetsig/7150.csv.gz,2256,NA,4,1,5
7151,admin,admin,brent_nf_cc,DIG1,YPL049C,unknown,pass,FALSE,ad1,yiming,MAG001,brent,callingcards,none,2025-03-10,2025-03-10T13:44:14.249249-05:00,https://yeastregulatorydb-htcf-data.s3.amazonaws.com/media/promotersetsig/7151.csv.gz,2257,NA,4,1,5
7152,admin,admin,brent_nf_cc,PDR1,YGL013C,unknown,pass,FALSE,ad1,yiming,MAG001,brent,callingcards,none,2025-03-10,2025-03-10T13:44:15.662627-05:00,https://yeastregulatorydb-htcf-data.s3.amazonaws.com/media/promotersetsig/7152.csv.gz,2258,NA,4,1,5
7153,admin,admin,brent_nf_cc,PDR3,YBL005W,unknown,pass,FALSE,ad1,yiming,MAG001,brent,callingcards,none,2025-03-10,2025-03-10T13:44:15.588742-05:00,https://yeastregulatorydb-htcf-data.s3.amazonaws.com/media/promotersetsig/7153.csv.gz,2259,NA,4,1,5
7155,admin,admin,brent_nf_cc,STE12,YHR084W,unknown,pass,FALSE,ad1,yiming,MAG001,brent,callingcards,none,2025-03-10,2025-03-10T13:44:18.169681-05:00,https://yeastregulatorydb-htcf-data.s3.amazonaws.com/media/promotersetsig/7155.csv.gz,2261,NA,4,1,5
7156,admin,admin,brent_nf_cc,CBF1,YJR060W,unknown,pass,FALSE,ad1,yiming,MAG002,brent,callingcards,none,2025-03-10,2025-03-10T13:44:18.291033-05:00,https://yeastregulatorydb-htcf-data.s3.amazonaws.com/media/promotersetsig/7156.csv.gz,2262,NA,4,1,5
7157,admin,admin,brent_nf_cc,HAP2,YGL237C,unknown,pass,FALSE,ad1,yiming,MAG002,brent,callingcards,none,2025-03-10,2025-03-10T13:44:19.654437-05:00,https://yeastregulatorydb-htcf-data.s3.amazonaws.com/media/promotersetsig/7157.csv.gz,2263,NA,4,1,5
7158,admin,admin,brent_nf_cc,HAP3,YBL021C,unknown,pass,FALSE,ad1,yiming,MAG002,brent,callingcards,none,2025-03-10,2025-03-10T13:44:21.150422-05:00,https://yeastregulatorydb-htcf-data.s3.amazonaws.com/media/promotersetsig/7158.csv.gz,2264,NA,4,1,5
7159,admin,admin,brent_nf_cc,HAP4,YKL109W,unknown,pass,FALSE,ad1,yiming,MAG002,brent,callingcards,none,2025-03-10,2025-03-10T13:44:20.728042-05:00,https://yeastregulatorydb-htcf-data.s3.amazonaws.com/media/promotersetsig/7159.csv.gz,2265,NA,4,1,5
7160,admin,admin,brent_nf_cc,HAP5,YOR358W,unknown,pass,FALSE,ad1,yiming,MAG002,brent,callingcards,none,2025-03-10,2025-03-10T13:44:22.379240-05:00,https://yeastregulatorydb-htcf-data.s3.amazonaws.com/media/promotersetsig/7160.csv.gz,2266,NA,4,1,5
7161,admin,admin,brent_nf_cc,NRG1,YDR043C,unknown,pass,FALSE,ad1,yiming,MAG002,brent,callingcards,none,2025-03-10,2025-03-10T13:44:23.675072-05:00,https://yeastregulatorydb-htcf-data.s3.amazonaws.com/media/promotersetsig/7161.csv.gz,2267,NA,4,1,5
7163,admin,admin,brent_nf_cc,TEC1,YBR083W,unknown,pass,FALSE,ad1,yiming,MAG002,brent,callingcards,none,2025-03-10,2025-03-10T13:44:24.703861-05:00,https://yeastregulatorydb-htcf-data.s3.amazonaws.com/media/promotersetsig/7163.csv.gz,2269,NA,4,1,5
7164,admin,admin,brent_nf_cc,CBF1,YJR060W,unknown,pass,FALSE,ad1,yiming,PR003,brent,callingcards,none,2025-03-10,2025-03-10T13:44:26.257530-05:00,https://yeastregulatorydb-htcf-data.s3.amazonaws.com/media/promotersetsig/7164.csv.gz,2270,NA,4,1,5
7166,admin,admin,brent_nf_cc,LEU3,YLR451W,unknown,pass,FALSE,ad1,yiming,PR003,brent,callingcards,none,2025-03-10,2025-03-10T13:44:26.997610-05:00,https://yeastregulatorydb-htcf-data.s3.amazonaws.com/media/promotersetsig/7166.csv.gz,2272,NA,4,1,5
7168,admin,admin,brent_nf_cc,CST6,YIL036W,unknown,pass,FALSE,ad1,yiming,PR004,brent,callingcards,none,2025-03-10,2025-03-10T13:44:27.761369-05:00,https://yeastregulatorydb-htcf-data.s3.amazonaws.com/media/promotersetsig/7168.csv.gz,2274,NA,4,1,5
7169,admin,admin,brent_nf_cc,GCR2,YNL199C,unknown,pass,FALSE,ad1,yiming,PR004,brent,callingcards,none,2025-03-10,2025-03-10T13:44:29.776326-05:00,https://yeastregulatorydb-htcf-data.s3.amazonaws.com/media/promotersetsig/7169.csv.gz,2275,NA,4,1,5
7170,admin,admin,brent_nf_cc,LEU3,YLR451W,unknown,pass,FALSE,ad1,yiming,PR004,brent,callingcards,none,2025-03-10,2025-03-10T13:44:30.474809-05:00,https://yeastregulatorydb-htcf-data.s3.amazonaws.com/media/promotersetsig/7170.csv.gz,2276,NA,4,1,5
7171,admin,admin,brent_nf_cc,RFX1,YLR176C,unknown,pass,FALSE,ad1,yiming,PR004,brent,callingcards,none,2025-03-10,2025-03-10T13:44:31.153764-05:00,https://yeastregulatorydb-htcf-data.s3.amazonaws.com/media/promotersetsig/7171.csv.gz,2277,NA,4,1,5
7172,admin,admin,brent_nf_cc,SFP1,YLR403W,unknown,pass,FALSE,ad1,yiming,PR004,brent,callingcards,none,2025-03-10,2025-03-10T13:44:32.230822-05:00,https://yeastregulatorydb-htcf-data.s3.amazonaws.com/media/promotersetsig/7172.csv.gz,2278,NA,4,1,5
7174,admin,admin,brent_nf_cc,CBF1,YJR060W,unknown,pass,FALSE,ad1,yiming,PR005,brent,callingcards,none,2025-03-10,2025-03-10T13:44:33.961132-05:00,https://yeastregulatorydb-htcf-data.s3.amazonaws.com/media/promotersetsig/7174.csv.gz,2280,NA,4,1,5
7176,admin,admin,brent_nf_cc,GCN4,YEL009C,unknown,pass,FALSE,ad1,yiming,PR005,brent,callingcards,none,2025-03-10,2025-03-10T13:44:35.113593-05:00,https://yeastregulatorydb-htcf-data.s3.amazonaws.com/media/promotersetsig/7176.csv.gz,2282,NA,4,1,5
7177,admin,admin,brent_nf_cc,RGT1,YKL038W,unknown,pass,FALSE,ad1,yiming,PR005,brent,callingcards,none,2025-03-10,2025-03-10T13:44:36.723642-05:00,https://yeastregulatorydb-htcf-data.s3.amazonaws.com/media/promotersetsig/7177.csv.gz,2283,NA,4,1,5
7178,admin,admin,brent_nf_cc,TYE7,YOR344C,unknown,pass,FALSE,ad1,yiming,PR005,brent,callingcards,none,2025-03-10,2025-03-10T13:44:37.331792-05:00,https://yeastregulatorydb-htcf-data.s3.amazonaws.com/media/promotersetsig/7178.csv.gz,2284,NA,4,1,5
7181,admin,admin,brent_nf_cc,GCN4,YEL009C,unknown,pass,FALSE,ad1,yiming,PR006,brent,callingcards,none,2025-03-10,2025-03-10T13:44:39.584141-05:00,https://yeastregulatorydb-htcf-data.s3.amazonaws.com/media/promotersetsig/7181.csv.gz,2287,NA,4,1,5
7183,admin,admin,brent_nf_cc,MET28,YIR017C,unknown,pass,FALSE,ad1,yiming,PR006,brent,callingcards,none,2025-03-10,2025-03-10T13:44:41.939393-05:00,https://yeastregulatorydb-htcf-data.s3.amazonaws.com/media/promotersetsig/7183.csv.gz,2289,NA,4,1,5
7185,admin,admin,brent_nf_cc,CBF1,YJR060W,unknown,pass,FALSE,ad1,yiming,PR006B,brent,callingcards,none,2025-03-10,2025-03-10T13:44:42.747911-05:00,https://yeastregulatorydb-htcf-data.s3.amazonaws.com/media/promotersetsig/7185.csv.gz,2291,NA,4,1,5
7186,admin,admin,brent_nf_cc,GCN4,YEL009C,unknown,pass,FALSE,ad1,yiming,PR006B,brent,callingcards,none,2025-03-10,2025-03-10T13:44:44.353421-05:00,https://yeastregulatorydb-htcf-data.s3.amazonaws.com/media/promotersetsig/7186.csv.gz,2292,NA,4,1,5
7188,admin,admin,brent_nf_cc,MET28,YIR017C,unknown,pass,FALSE,ad1,yiming,PR006B,brent,callingcards,none,2025-03-10,2025-03-10T13:44:45.793165-05:00,https://yeastregulatorydb-htcf-data.s3.amazonaws.com/media/promotersetsig/7188.csv.gz,2294,NA,4,1,5
7190,admin,admin,brent_nf_cc,CBF1,YJR060W,unknown,pass,FALSE,ad1,yiming,PR007B,brent,callingcards,none,2025-03-10,2025-03-10T13:44:46.351690-05:00,https://yeastregulatorydb-htcf-data.s3.amazonaws.com/media/promotersetsig/7190.csv.gz,2296,NA,4,1,5
7191,admin,admin,brent_nf_cc,RFX1,YLR176C,unknown,pass,FALSE,ad1,yiming,PR007B,brent,callingcards,none,2025-03-10,2025-03-10T13:44:48.196688-05:00,https://yeastregulatorydb-htcf-data.s3.amazonaws.com/media/promotersetsig/7191.csv.gz,2297,NA,4,1,5
7193,admin,admin,brent_nf_cc,BAS1,YKR099W,unknown,pass,FALSE,ad1,yiming,PR008,brent,callingcards,none,2025-03-10,2025-03-10T13:44:49.065807-05:00,https://yeastregulatorydb-htcf-data.s3.amazonaws.com/media/promotersetsig/7193.csv.gz,2299,NA,4,1,5
7200,admin,admin,brent_nf_cc,GAT4,YIR013C,unknown,pass,FALSE,ad1,yiming,PR009,brent,callingcards,none,2025-03-10,2025-03-10T13:44:55.703261-05:00,https://yeastregulatorydb-htcf-data.s3.amazonaws.com/media/promotersetsig/7200.csv.gz,2306,NA,4,1,5
7201,admin,admin,brent_nf_cc,LEU3,YLR451W,unknown,pass,FALSE,ad1,yiming,PR009,brent,callingcards,none,2025-03-10,2025-03-10T13:44:56.976887-05:00,https://yeastregulatorydb-htcf-data.s3.amazonaws.com/media/promotersetsig/7201.csv.gz,2307,NA,4,1,5
7203,admin,admin,brent_nf_cc,ARO80,YDR421W,unknown,pass,FALSE,ad1,yiming,PR010,brent,callingcards,none,2025-03-10,2025-03-10T13:44:57.983994-05:00,https://yeastregulatorydb-htcf-data.s3.amazonaws.com/media/promotersetsig/7203.csv.gz,2309,NA,4,1,5
7204,admin,admin,brent_nf_cc,CHA4,YLR098C,unknown,pass,FALSE,ad1,yiming,PR010,brent,callingcards,none,2025-03-10,2025-03-10T13:44:59.559832-05:00,https://yeastregulatorydb-htcf-data.s3.amazonaws.com/media/promotersetsig/7204.csv.gz,2310,NA,4,1,5
7205,admin,admin,brent_nf_cc,HAL9,YOL089C,unknown,pass,FALSE,ad1,yiming,PR010,brent,callingcards,none,2025-03-10,2025-03-10T13:44:58.752216-05:00,https://yeastregulatorydb-htcf-data.s3.amazonaws.com/media/promotersetsig/7205.csv.gz,2311,NA,4,1,5
7208,admin,admin,brent_nf_cc,MBP1,YDL056W,unknown,pass,FALSE,ad1,yiming,CS012,brent,callingcards,none,2025-03-10,2025-03-10T13:45:02.310002-05:00,https://yeastregulatorydb-htcf-data.s3.amazonaws.com/media/promotersetsig/7208.csv.gz,2314,NA,4,1,5
7213,admin,admin,brent_nf_cc,YHP1,YDR451C,unknown,pass,FALSE,ad1,yiming,CS012,brent,callingcards,none,2025-03-10,2025-03-10T13:45:05.548711-05:00,https://yeastregulatorydb-htcf-data.s3.amazonaws.com/media/promotersetsig/7213.csv.gz,2319,NA,4,1,5
7215,admin,admin,brent_nf_cc,RGT1,YKL038W,unknown,pass,FALSE,ad1,yiming,DS004,brent,callingcards,none,2025-03-10,2025-03-10T13:45:08.102354-05:00,https://yeastregulatorydb-htcf-data.s3.amazonaws.com/media/promotersetsig/7215.csv.gz,2321,NA,4,1,5
7216,admin,admin,brent_nf_cc,STE12,YHR084W,unknown,pass,FALSE,ad1,yiming,DS004,brent,callingcards,none,2025-03-10,2025-03-10T13:45:07.949497-05:00,https://yeastregulatorydb-htcf-data.s3.amazonaws.com/media/promotersetsig/7216.csv.gz,2322,NA,4,1,5
7218,admin,admin,brent_nf_cc,TYE7,YOR344C,unknown,pass,FALSE,ad1,yiming,DS004,brent,callingcards,none,2025-03-10,2025-03-10T13:45:10.597539-05:00,https://yeastregulatorydb-htcf-data.s3.amazonaws.com/media/promotersetsig/7218.csv.gz,2324,NA,4,1,5
7220,admin,admin,brent_nf_cc,GCN4,YEL009C,unknown,pass,FALSE,ad1,yiming,KB001,brent,callingcards,none,2025-03-10,2025-03-10T13:45:12.518507-05:00,https://yeastregulatorydb-htcf-data.s3.amazonaws.com/media/promotersetsig/7220.csv.gz,2326,NA,4,1,5
7221,admin,admin,brent_nf_cc,GCN4,YEL009C,unknown,pass,FALSE,ad1,yiming,KB001,brent,callingcards,none,2025-03-10,2025-03-10T13:45:13.012093-05:00,https://yeastregulatorydb-htcf-data.s3.amazonaws.com/media/promotersetsig/7221.csv.gz,2327,NA,4,1,5
7222,admin,admin,brent_nf_cc,STE12,YHR084W,unknown,pass,FALSE,ad1,yiming,KB001,brent,callingcards,none,2025-03-10,2025-03-10T13:45:12.642999-05:00,https://yeastregulatorydb-htcf-data.s3.amazonaws.com/media/promotersetsig/7222.csv.gz,2328,NA,4,1,5
7225,admin,admin,brent_nf_cc,TYE7,YOR344C,unknown,pass,FALSE,ad1,yiming,KB001,brent,callingcards,none,2025-03-10,2025-03-10T13:45:15.670640-05:00,https://yeastregulatorydb-htcf-data.s3.amazonaws.com/media/promotersetsig/7225.csv.gz,2331,NA,4,1,5
7227,admin,admin,brent_nf_cc,CBF1,YJR060W,unknown,pass,FALSE,ad1,yiming,PR002,brent,callingcards,none,2025-03-10,2025-03-10T13:45:17.594235-05:00,https://yeastregulatorydb-htcf-data.s3.amazonaws.com/media/promotersetsig/7227.csv.gz,2333,NA,4,1,5
7231,admin,admin,brent_nf_cc,RFX1,YLR176C,unknown,pass,FALSE,ad1,yiming,PR002,brent,callingcards,none,2025-03-10,2025-03-10T13:45:20.734752-05:00,https://yeastregulatorydb-htcf-data.s3.amazonaws.com/media/promotersetsig/7231.csv.gz,2337,NA,4,1,5
7235,admin,admin,brent_nf_cc,CBF1,YJR060W,unknown,pass,FALSE,ad1,yiming,DS002,brent,callingcards,none,2025-03-10,2025-03-10T13:45:24.662855-05:00,https://yeastregulatorydb-htcf-data.s3.amazonaws.com/media/promotersetsig/7235.csv.gz,2341,NA,4,1,5
7493,admin,admin,brent_nf_cc,PDR3,YBL005W,unknown,pass,FALSE,ad1,yiming,run_7063,brent,callingcards,591,2025-03-10,2025-03-10T13:45:28.789832-05:00,https://yeastregulatorydb-htcf-data.s3.amazonaws.com/media/promotersetsig/7493.csv.gz,2347,NA,4,1,5
7494,admin,admin,brent_nf_cc,RDR1,YOR380W,unknown,pass,FALSE,ad1,yiming,run_7063,brent,callingcards,592,2025-03-10,2025-03-10T13:45:29.994426-05:00,https://yeastregulatorydb-htcf-data.s3.amazonaws.com/media/promotersetsig/7494.csv.gz,2348,NA,4,1,5
7498,admin,admin,brent_nf_cc,CSE2,YNR010W,unknown,pass,FALSE,ad1,yiming,run_7137,brent,callingcards,613,2025-03-10,2025-03-10T13:45:33.091373-05:00,https://yeastregulatorydb-htcf-data.s3.amazonaws.com/media/promotersetsig/7498.csv.gz,2352,NA,4,1,5
7499,admin,admin,brent_nf_cc,CSE2,YNR010W,unknown,pass,FALSE,ad1,yiming,run_7137,brent,callingcards,614,2025-03-10,2025-03-10T13:45:34.206407-05:00,https://yeastregulatorydb-htcf-data.s3.amazonaws.com/media/promotersetsig/7499.csv.gz,2353,NA,4,1,5
7500,admin,admin,brent_nf_cc,CSE2,YNR010W,unknown,pass,FALSE,ad1,yiming,run_7137,brent,callingcards,615,2025-03-10,2025-03-10T13:45:35.060258-05:00,https://yeastregulatorydb-htcf-data.s3.amazonaws.com/media/promotersetsig/7500.csv.gz,2354,NA,4,1,5
7501,admin,admin,brent_nf_cc,CSE2,YNR010W,unknown,pass,FALSE,ad1,yiming,run_7137,brent,callingcards,616,2025-03-10,2025-03-10T13:45:35.528817-05:00,https://yeastregulatorydb-htcf-data.s3.amazonaws.com/media/promotersetsig/7501.csv.gz,2355,NA,4,1,5
7507,admin,admin,brent_nf_cc,MIG2,YGL209W,unknown,pass,FALSE,ad1,yiming,run_7100,brent,callingcards,600,2025-03-10,2025-03-10T13:45:40.597054-05:00,https://yeastregulatorydb-htcf-data.s3.amazonaws.com/media/promotersetsig/7507.csv.gz,2361,NA,4,1,5
7508,admin,admin,brent_nf_cc,PHD1,YKL043W,unknown,pass,FALSE,ad1,yiming,run_7100,brent,callingcards,601,2025-03-10,2025-03-10T13:45:42.067062-05:00,https://yeastregulatorydb-htcf-data.s3.amazonaws.com/media/promotersetsig/7508.csv.gz,2362,NA,4,1,5
7512,admin,admin,brent_nf_cc,CSE2,YNR010W,unknown,pass,FALSE,ad1,yiming,run_7137,brent,callingcards,612,2025-03-10,2025-03-10T13:45:45.091663-05:00,https://yeastregulatorydb-htcf-data.s3.amazonaws.com/media/promotersetsig/7512.csv.gz,2366,NA,4,1,5
7519,admin,admin,brent_nf_cc,RLM1,YPL089C,unknown,pass,FALSE,ad1,yiming,run_7063,brent,callingcards,593,2025-03-10,2025-03-10T13:45:50.930724-05:00,https://yeastregulatorydb-htcf-data.s3.amazonaws.com/media/promotersetsig/7519.csv.gz,2373,NA,4,1,5
7523,admin,admin,brent_nf_cc,GAL11,YOL051W,unknown,pass,FALSE,ad1,yiming,run_7151,brent,callingcards,622,2025-03-10,2025-03-10T13:45:54.460427-05:00,https://yeastregulatorydb-htcf-data.s3.amazonaws.com/media/promotersetsig/7523.csv.gz,2377,NA,4,1,5
7524,admin,admin,brent_nf_cc,GAL11,YOL051W,unknown,pass,FALSE,ad1,yiming,run_7151,brent,callingcards,623,2025-03-10,2025-03-10T13:45:55.619761-05:00,https://yeastregulatorydb-htcf-data.s3.amazonaws.com/media/promotersetsig/7524.csv.gz,2378,NA,4,1,5
7526,admin,admin,brent_nf_cc,HFI1,YPL254W,unknown,pass,FALSE,ad1,yiming,run_7151,brent,callingcards,625,2025-03-10,2025-03-10T13:45:56.959018-05:00,https://yeastregulatorydb-htcf-data.s3.amazonaws.com/media/promotersetsig/7526.csv.gz,2380,NA,4,1,5
7538,admin,admin,brent_nf_cc,RPD3,YNL330C,unknown,pass,FALSE,ad1,yiming,run_7209,brent,callingcards,652,2025-03-10,2025-03-10T13:46:07.407982-05:00,https://yeastregulatorydb-htcf-data.s3.amazonaws.com/media/promotersetsig/7538.csv.gz,2392,NA,4,1,5
7541,admin,admin,brent_nf_cc,MAL13,YGR288W,unknown,pass,FALSE,ad1,yiming,run_7211,brent,callingcards,638,2025-03-10,2025-03-10T13:46:09.837555-05:00,https://yeastregulatorydb-htcf-data.s3.amazonaws.com/media/promotersetsig/7541.csv.gz,2395,NA,4,1,5
7554,admin,admin,brent_nf_cc,RPD3,YNL330C,unknown,pass,FALSE,ad1,yiming,run_7209,brent,callingcards,651,2025-03-10,2025-03-10T13:46:27.438405-05:00,https://yeastregulatorydb-htcf-data.s3.amazonaws.com/media/promotersetsig/7554.csv.gz,2408,NA,4,1,5
7676,admin,admin,brent_nf_cc,STP3,YLR375W,unknown,pass,FALSE,ad1,yiming,run_7237,brent,callingcards,657,2025-03-10,2025-03-10T13:46:22.901482-05:00,https://yeastregulatorydb-htcf-data.s3.amazonaws.com/media/promotersetsig/7676.csv.gz,2411,NA,4,1,5
7677,admin,admin,brent_nf_cc,IME4,YGL192W,unknown,pass,FALSE,ad1,yiming,run_7240,brent,callingcards,658,2025-03-10,2025-03-10T13:46:26.948882-05:00,https://yeastregulatorydb-htcf-data.s3.amazonaws.com/media/promotersetsig/7677.csv.gz,2412,NA,4,1,5
7688,admin,admin,brent_nf_cc,SPT2,YER161C,unknown,pass,FALSE,ad1,yiming,run_7237,brent,callingcards,654,2025-03-10,2025-03-10T13:46:38.055969-05:00,https://yeastregulatorydb-htcf-data.s3.amazonaws.com/media/promotersetsig/7688.csv.gz,2423,NA,4,1,5
7860,admin,admin,brent_nf_cc,GAT2,YMR136W,unknown,pass,FALSE,ad1,yiming,run_7256,brent,callingcards,none,2025-03-10,2025-03-10T13:46:43.175909-05:00,https://yeastregulatorydb-htcf-data.s3.amazonaws.com/media/promotersetsig/7860.csv.gz,2428,NA,4,1,5
7867,admin,admin,brent_nf_cc,ARG81,YML099C,unknown,pass,FALSE,ad1,yiming,run_7266,brent,callingcards,none,2025-03-10,2025-03-10T13:46:49.801986-05:00,https://yeastregulatorydb-htcf-data.s3.amazonaws.com/media/promotersetsig/7867.csv.gz,2435,NA,4,1,5
7868,admin,admin,brent_nf_cc,CUP9,YPL177C,unknown,pass,FALSE,ad1,yiming,run_7266,brent,callingcards,none,2025-03-10,2025-03-10T13:46:51.182976-05:00,https://yeastregulatorydb-htcf-data.s3.amazonaws.com/media/promotersetsig/7868.csv.gz,2436,NA,4,1,5
7871,admin,admin,brent_nf_cc,MSN1,YOL116W,unknown,pass,FALSE,ad1,yiming,run_7266,brent,callingcards,none,2025-03-10,2025-03-10T13:46:54.366195-05:00,https://yeastregulatorydb-htcf-data.s3.amazonaws.com/media/promotersetsig/7871.csv.gz,2439,NA,4,1,5
7872,admin,admin,brent_nf_cc,PGD1,YGL025C,unknown,pass,FALSE,ad1,yiming,run_7266,brent,callingcards,none,2025-03-10,2025-03-10T13:46:56.985354-05:00,https://yeastregulatorydb-htcf-data.s3.amazonaws.com/media/promotersetsig/7872.csv.gz,2440,NA,4,1,5
7873,admin,admin,brent_nf_cc,MED2,YDL005C,unknown,pass,FALSE,ad1,yiming,run_7269,brent,callingcards,none,2025-03-10,2025-03-10T13:46:56.080833-05:00,https://yeastregulatorydb-htcf-data.s3.amazonaws.com/media/promotersetsig/7873.csv.gz,2441,NA,4,1,5
7877,admin,admin,brent_nf_cc,YOX1,YML027W,unknown,pass,FALSE,ad1,yiming,CS002,brent,callingcards,none,2025-03-10,2025-03-10T13:42:15.503185-05:00,https://yeastregulatorydb-htcf-data.s3.amazonaws.com/media/promotersetsig/7877.csv.gz,2126,NA,4,1,5
7882,chasem,chasem,brent_nf_cc,OPI1,YHL020C,unknown,pass,FALSE,ad1,yiming,run_7295,brent,callingcards,none,2025-03-11,2025-03-11T13:43:13.760465-05:00,https://yeastregulatorydb-htcf-data.s3.amazonaws.com/media/promotersetsig/7882.csv.gz,2449,NA,4,1,5
7891,chasem,chasem,brent_nf_cc,STP3,YLR375W,unknown,pass,FALSE,ad1,yiming,run_7283,brent,callingcards,none,2025-03-11,2025-03-11T13:43:47.266571-05:00,https://yeastregulatorydb-htcf-data.s3.amazonaws.com/media/promotersetsig/7891.csv.gz,2458,NA,4,1,5
8027,chasem,chasem,brent_nf_cc,TDA9,YML081W,unknown,pass,FALSE,ad1,yiming,run_7297,brent,callingcards,none,2025-03-25,2025-03-25T10:42:44.284924-05:00,https://yeastregulatorydb-htcf-data.s3.amazonaws.com/media/promotersetsig/8027.csv.gz,2460,NA,4,1,5
8029,chasem,chasem,brent_nf_cc,YAP7,YOL028C,unknown,pass,FALSE,ad1,yiming,run_7297,brent,callingcards,none,2025-03-25,2025-03-25T10:42:52.972589-05:00,https://yeastregulatorydb-htcf-data.s3.amazonaws.com/media/promotersetsig/8029.csv.gz,2462,NA,4,1,5
8037,chasem,chasem,brent_nf_cc,ASG1,YIL130W,unknown,pass,FALSE,ad1,yiming,run_7332,brent,callingcards,none,2025-04-29,2025-04-29T13:06:27.226607-05:00,https://yeastregulatorydb-htcf-data.s3.amazonaws.com/media/promotersetsig/8037.csv.gz,2470,NA,4,1,5
8040,chasem,chasem,brent_nf_cc,EAF1,YDR359C,unknown,pass,FALSE,ad1,yiming,run_7332,brent,callingcards,none,2025-04-29,2025-04-29T13:06:42.673789-05:00,https://yeastregulatorydb-htcf-data.s3.amazonaws.com/media/promotersetsig/8040.csv.gz,2473,NA,4,1,5
8041,chasem,chasem,brent_nf_cc,GAT2,YMR136W,unknown,pass,FALSE,ad1,yiming,run_7332,brent,callingcards,none,2025-04-29,2025-04-29T13:06:46.997349-05:00,https://yeastregulatorydb-htcf-data.s3.amazonaws.com/media/promotersetsig/8041.csv.gz,2474,NA,4,1,5
8050,chasem,chasem,brent_nf_cc,MED2,YDL005C,unknown,pass,FALSE,ad1,yiming,run_7367,brent,callingcards,none,2025-06-10,2025-06-10T12:10:58.883507-05:00,https://yeastregulatorydb-htcf-data.s3.amazonaws.com/media/promotersetsig/8050.csv.gz,2483,NA,4,1,5
8051,chasem,chasem,brent_nf_cc,MSN1,YOL116W,unknown,pass,FALSE,ad1,yiming,run_7367,brent,callingcards,none,2025-06-10,2025-06-10T12:11:02.632550-05:00,https://yeastregulatorydb-htcf-data.s3.amazonaws.com/media/promotersetsig/8051.csv.gz,2484,NA,4,1,5
8053,chasem,chasem,brent_nf_cc,PGD1,YGL025C,unknown,pass,FALSE,ad1,yiming,run_7367,brent,callingcards,none,2025-06-10,2025-06-10T12:11:09.715966-05:00,https://yeastregulatorydb-htcf-data.s3.amazonaws.com/media/promotersetsig/8053.csv.gz,2486,NA,4,1,5
8054,chasem,chasem,brent_nf_cc,TBS1,YBR150C,unknown,pass,FALSE,ad1,yiming,run_7367,brent,callingcards,none,2025-06-10,2025-06-10T12:11:13.837444-05:00,https://yeastregulatorydb-htcf-data.s3.amazonaws.com/media/promotersetsig/8054.csv.gz,2487,NA,4,1,5
8055,chasem,chasem,brent_nf_cc,VHR2,YER064C,unknown,pass,FALSE,ad1,yiming,run_7367,brent,callingcards,none,2025-06-10,2025-06-10T12:11:17.351354-05:00,https://yeastregulatorydb-htcf-data.s3.amazonaws.com/media/promotersetsig/8055.csv.gz,2488,NA,4,1,5
