id,uploader,modifier,source_name,regulator_symbol,regulator_locus_tag,condition,data_usable,preferred_replicate,batch,lab,assay,source_orig_id,upload_date,modified_date,file,single_binding,composite_binding,promoter,background,fileformat
1,chasem,chasem,harbison_chip,OAF1,YAL051W,YPD,unreviewed,TRUE,none,harbison,chip,none,2024-07-01,2024-07-01T13:51:48.611781-05:00,https://yeastregulatorydb-htcf-data.s3.amazonaws.com/media/promotersetsig/1.csv.gz,1,NA,NA,NA,1
2,chasem,chasem,harbison_chip,PDR3,YBL005W,YPD,unreviewed,TRUE,none,harbison,chip,none,2024-07-01,2024-07-01T13:51:49.643452-05:00,https://yeastregulatorydb-htcf-data.s3.amazonaws.com/media/promotersetsig/2.csv.gz,2,NA,NA,NA,1
3,chasem,chasem,harbison_chip,HIR1,YBL008W,YPD,unreviewed,TRUE,none,harbison,chip,none,2024-07-01,2024-07-01T13:51:50.744384-05:00,https://yeastregulatorydb-htcf-data.s3.amazonaws.com/media/promotersetsig/3.csv.gz,3,NA,NA,NA,1
4,chasem,chasem,harbison_chip,HAP3,YBL021C,YPD,unreviewed,TRUE,none,harbison,chip,none,2024-07-01,2024-07-01T13:51:51.507918-05:00,https://yeastregulatorydb-htcf-data.s3.amazonaws.com/media/promotersetsig/4.csv.gz,4,NA,NA,NA,1
5,chasem,chasem,harbison_chip,TOD6,YBL054W,YPD,unreviewed,TRUE,none,harbison,chip,none,2024-07-01,2024-07-01T13:51:52.277595-05:00,https://yeastregulatorydb-htcf-data.s3.amazonaws.com/media/promotersetsig/5.csv.gz,5,NA,NA,NA,1
10,chasem,chasem,harbison_chip,RTG3,YBL103C,YPD,unreviewed,TRUE,none,harbison,chip,none,2024-07-01,2024-07-01T13:51:56.771823-05:00,https://yeastregulatorydb-htcf-data.s3.amazonaws.com/media/promotersetsig/10.csv.gz,10,NA,NA,NA,1
11,chasem,chasem,harbison_chip,EDS1,YBR033W,YPD,unreviewed,TRUE,none,harbison,chip,none,2024-07-01,2024-07-01T13:51:57.588213-05:00,https://yeastregulatorydb-htcf-data.s3.amazonaws.com/media/promotersetsig/11.csv.gz,11,NA,NA,NA,1
14,chasem,chasem,harbison_chip,REB1,YBR049C,YPD,unreviewed,TRUE,none,harbison,chip,none,2024-07-01,2024-07-01T13:51:59.742439-05:00,https://yeastregulatorydb-htcf-data.s3.amazonaws.com/media/promotersetsig/14.csv.gz,14,NA,NA,NA,1
17,chasem,chasem,harbison_chip,TEC1,YBR083W,YPD,unreviewed,TRUE,none,harbison,chip,none,2024-07-01,2024-07-01T13:52:01.904746-05:00,https://yeastregulatorydb-htcf-data.s3.amazonaws.com/media/promotersetsig/17.csv.gz,17,NA,NA,NA,1
18,chasem,chasem,harbison_chip,TBS1,YBR150C,YPD,unreviewed,TRUE,none,harbison,chip,none,2024-07-01,2024-07-01T13:52:02.632520-05:00,https://yeastregulatorydb-htcf-data.s3.amazonaws.com/media/promotersetsig/18.csv.gz,18,NA,NA,NA,1
19,chasem,chasem,harbison_chip,SMP1,YBR182C,YPD,unreviewed,TRUE,none,harbison,chip,none,2024-07-01,2024-07-01T13:52:03.255348-05:00,https://yeastregulatorydb-htcf-data.s3.amazonaws.com/media/promotersetsig/19.csv.gz,19,NA,NA,NA,1
20,chasem,chasem,harbison_chip,ERT1,YBR239C,YPD,unreviewed,TRUE,none,harbison,chip,none,2024-07-01,2024-07-01T13:52:03.952389-05:00,https://yeastregulatorydb-htcf-data.s3.amazonaws.com/media/promotersetsig/20.csv.gz,20,NA,NA,NA,1
22,chasem,chasem,harbison_chip,THI2,YBR240C,YPD,unreviewed,TRUE,none,harbison,chip,none,2024-07-01,2024-07-01T13:52:05.588283-05:00,https://yeastregulatorydb-htcf-data.s3.amazonaws.com/media/promotersetsig/22.csv.gz,22,NA,NA,NA,1
23,chasem,chasem,harbison_chip,REI1,YBR267W,YPD,unreviewed,TRUE,none,harbison,chip,none,2024-07-01,2024-07-01T13:52:06.255033-05:00,https://yeastregulatorydb-htcf-data.s3.amazonaws.com/media/promotersetsig/23.csv.gz,23,NA,NA,NA,1
26,chasem,chasem,harbison_chip,MAL33,YBR297W,YPD,unreviewed,TRUE,none,harbison,chip,none,2024-07-01,2024-07-01T13:52:08.431558-05:00,https://yeastregulatorydb-htcf-data.s3.amazonaws.com/media/promotersetsig/26.csv.gz,26,NA,NA,NA,1
27,chasem,chasem,harbison_chip,SRD1,YCR018C,YPD,unreviewed,TRUE,none,harbison,chip,none,2024-07-01,2024-07-01T13:52:09.074142-05:00,https://yeastregulatorydb-htcf-data.s3.amazonaws.com/media/promotersetsig/27.csv.gz,27,NA,NA,NA,1
29,chasem,chasem,harbison_chip,RDS1,YCR106W,YPD,unreviewed,TRUE,none,harbison,chip,none,2024-07-01,2024-07-01T13:52:10.407082-05:00,https://yeastregulatorydb-htcf-data.s3.amazonaws.com/media/promotersetsig/29.csv.gz,29,NA,NA,NA,1
32,chasem,chasem,harbison_chip,RPN4,YDL020C,YPD,unreviewed,TRUE,none,harbison,chip,none,2024-07-01,2024-07-01T13:52:12.859350-05:00,https://yeastregulatorydb-htcf-data.s3.amazonaws.com/media/promotersetsig/32.csv.gz,32,NA,NA,NA,1
33,chasem,chasem,harbison_chip,STP4,YDL048C,YPD,unreviewed,TRUE,none,harbison,chip,none,2024-07-01,2024-07-01T13:52:13.579922-05:00,https://yeastregulatorydb-htcf-data.s3.amazonaws.com/media/promotersetsig/33.csv.gz,33,NA,NA,NA,1
36,chasem,chasem,harbison_chip,MBP1,YDL056W,YPD,unreviewed,TRUE,none,harbison,chip,none,2024-07-01,2024-07-01T13:52:16.051330-05:00,https://yeastregulatorydb-htcf-data.s3.amazonaws.com/media/promotersetsig/36.csv.gz,36,NA,NA,NA,1
41,chasem,chasem,harbison_chip,PHO2,YDL106C,YPD,unreviewed,TRUE,none,harbison,chip,none,2024-07-01,2024-07-01T13:52:19.861510-05:00,https://yeastregulatorydb-htcf-data.s3.amazonaws.com/media/promotersetsig/41.csv.gz,41,NA,NA,NA,1
42,chasem,chasem,harbison_chip,FAP7,YDL166C,YPD,unreviewed,TRUE,none,harbison,chip,none,2024-07-01,2024-07-01T13:52:20.553379-05:00,https://yeastregulatorydb-htcf-data.s3.amazonaws.com/media/promotersetsig/42.csv.gz,42,NA,NA,NA,1
45,chasem,chasem,harbison_chip,UGA3,YDL170W,YPD,unreviewed,TRUE,none,harbison,chip,none,2024-07-01,2024-07-01T13:52:22.961718-05:00,https://yeastregulatorydb-htcf-data.s3.amazonaws.com/media/promotersetsig/45.csv.gz,45,NA,NA,NA,1
46,chasem,chasem,harbison_chip,GAL3,YDR009W,YPD,unreviewed,TRUE,none,harbison,chip,none,2024-07-01,2024-07-01T13:52:23.715007-05:00,https://yeastregulatorydb-htcf-data.s3.amazonaws.com/media/promotersetsig/46.csv.gz,46,NA,NA,NA,1
47,chasem,chasem,harbison_chip,NSI1,YDR026C,YPD,unreviewed,TRUE,none,harbison,chip,none,2024-07-01,2024-07-01T13:52:24.342979-05:00,https://yeastregulatorydb-htcf-data.s3.amazonaws.com/media/promotersetsig/47.csv.gz,47,NA,NA,NA,1
50,chasem,chasem,harbison_chip,NRG1,YDR043C,YPD,unreviewed,TRUE,none,harbison,chip,none,2024-07-01,2024-07-01T13:52:26.484155-05:00,https://yeastregulatorydb-htcf-data.s3.amazonaws.com/media/promotersetsig/50.csv.gz,50,NA,NA,NA,1
51,chasem,chasem,harbison_chip,VMS1,YDR049W,YPD,unreviewed,TRUE,none,harbison,chip,none,2024-07-01,2024-07-01T13:52:27.336953-05:00,https://yeastregulatorydb-htcf-data.s3.amazonaws.com/media/promotersetsig/51.csv.gz,51,NA,NA,NA,1
52,chasem,chasem,harbison_chip,PDC2,YDR081C,YPD,unreviewed,TRUE,none,harbison,chip,none,2024-07-01,2024-07-01T13:52:28.039516-05:00,https://yeastregulatorydb-htcf-data.s3.amazonaws.com/media/promotersetsig/52.csv.gz,52,NA,NA,NA,1
53,chasem,chasem,harbison_chip,INO2,YDR123C,YPD,unreviewed,TRUE,none,harbison,chip,none,2024-07-01,2024-07-01T13:52:28.669374-05:00,https://yeastregulatorydb-htcf-data.s3.amazonaws.com/media/promotersetsig/53.csv.gz,53,NA,NA,NA,1
54,chasem,chasem,harbison_chip,SWI5,YDR146C,YPD,unreviewed,TRUE,none,harbison,chip,none,2024-07-01,2024-07-01T13:52:29.450758-05:00,https://yeastregulatorydb-htcf-data.s3.amazonaws.com/media/promotersetsig/54.csv.gz,54,NA,NA,NA,1
56,chasem,chasem,harbison_chip,UME6,YDR207C,YPD,unreviewed,TRUE,none,harbison,chip,none,2024-07-01,2024-07-01T13:52:30.742484-05:00,https://yeastregulatorydb-htcf-data.s3.amazonaws.com/media/promotersetsig/56.csv.gz,56,NA,NA,NA,1
57,chasem,chasem,harbison_chip,UPC2,YDR213W,YPD,unreviewed,TRUE,none,harbison,chip,none,2024-07-01,2024-07-01T13:52:31.614384-05:00,https://yeastregulatorydb-htcf-data.s3.amazonaws.com/media/promotersetsig/57.csv.gz,57,NA,NA,NA,1
60,chasem,chasem,harbison_chip,ADR1,YDR216W,YPD,unreviewed,TRUE,none,harbison,chip,none,2024-07-01,2024-07-01T13:52:33.768500-05:00,https://yeastregulatorydb-htcf-data.s3.amazonaws.com/media/promotersetsig/60.csv.gz,60,NA,NA,NA,1
62,chasem,chasem,harbison_chip,MET32,YDR253C,YPD,unreviewed,TRUE,none,harbison,chip,none,2024-07-01,2024-07-01T13:52:35.228133-05:00,https://yeastregulatorydb-htcf-data.s3.amazonaws.com/media/promotersetsig/62.csv.gz,62,NA,NA,NA,1
65,chasem,chasem,harbison_chip,YAP6,YDR259C,YPD,unreviewed,TRUE,none,harbison,chip,none,2024-07-01,2024-07-01T13:52:37.410071-05:00,https://yeastregulatorydb-htcf-data.s3.amazonaws.com/media/promotersetsig/65.csv.gz,65,NA,NA,NA,1
66,chasem,chasem,harbison_chip,HEL2,YDR266C,YPD,unreviewed,TRUE,none,harbison,chip,none,2024-07-01,2024-07-01T13:52:38.140455-05:00,https://yeastregulatorydb-htcf-data.s3.amazonaws.com/media/promotersetsig/66.csv.gz,66,NA,NA,NA,1
68,chasem,chasem,harbison_chip,MTH1,YDR277C,YPD,unreviewed,TRUE,none,harbison,chip,none,2024-07-01,2024-07-01T13:52:39.585241-05:00,https://yeastregulatorydb-htcf-data.s3.amazonaws.com/media/promotersetsig/68.csv.gz,68,NA,NA,NA,1
69,chasem,chasem,harbison_chip,SUM1,YDR310C,YPD,unreviewed,TRUE,none,harbison,chip,none,2024-07-01,2024-07-01T13:52:40.563371-05:00,https://yeastregulatorydb-htcf-data.s3.amazonaws.com/media/promotersetsig/69.csv.gz,69,NA,NA,NA,1
71,chasem,chasem,harbison_chip,ARO80,YDR421W,YPD,unreviewed,TRUE,none,harbison,chip,none,2024-07-01,2024-07-01T13:52:41.971871-05:00,https://yeastregulatorydb-htcf-data.s3.amazonaws.com/media/promotersetsig/71.csv.gz,71,NA,NA,NA,1
74,chasem,chasem,harbison_chip,CAD1,YDR423C,YPD,unreviewed,TRUE,none,harbison,chip,none,2024-07-01,2024-07-01T13:52:44.225094-05:00,https://yeastregulatorydb-htcf-data.s3.amazonaws.com/media/promotersetsig/74.csv.gz,74,NA,NA,NA,1
75,chasem,chasem,harbison_chip,YHP1,YDR451C,YPD,unreviewed,TRUE,none,harbison,chip,none,2024-07-01,2024-07-01T13:52:45.114873-05:00,https://yeastregulatorydb-htcf-data.s3.amazonaws.com/media/promotersetsig/75.csv.gz,75,NA,NA,NA,1
77,chasem,chasem,harbison_chip,STP1,YDR463W,YPD,unreviewed,TRUE,none,harbison,chip,none,2024-07-01,2024-07-01T13:52:46.723806-05:00,https://yeastregulatorydb-htcf-data.s3.amazonaws.com/media/promotersetsig/77.csv.gz,77,NA,NA,NA,1
78,chasem,chasem,harbison_chip,SNF1,YDR477W,YPD,unreviewed,TRUE,none,harbison,chip,none,2024-07-01,2024-07-01T13:52:47.578084-05:00,https://yeastregulatorydb-htcf-data.s3.amazonaws.com/media/promotersetsig/78.csv.gz,78,NA,NA,NA,1
79,chasem,chasem,harbison_chip,URC2,YDR520C,YPD,unreviewed,TRUE,none,harbison,chip,none,2024-07-01,2024-07-01T13:52:48.305606-05:00,https://yeastregulatorydb-htcf-data.s3.amazonaws.com/media/promotersetsig/79.csv.gz,79,NA,NA,NA,1
82,chasem,chasem,harbison_chip,GCN4,YEL009C,YPD,unreviewed,TRUE,none,harbison,chip,none,2024-07-01,2024-07-01T13:52:50.481091-05:00,https://yeastregulatorydb-htcf-data.s3.amazonaws.com/media/promotersetsig/82.csv.gz,82,NA,NA,NA,1
83,chasem,chasem,harbison_chip,MIG3,YER028C,YPD,unreviewed,TRUE,none,harbison,chip,none,2024-07-01,2024-07-01T13:52:51.221979-05:00,https://yeastregulatorydb-htcf-data.s3.amazonaws.com/media/promotersetsig/83.csv.gz,83,NA,NA,NA,1
86,chasem,chasem,harbison_chip,GLN3,YER040W,YPD,unreviewed,TRUE,none,harbison,chip,none,2024-07-01,2024-07-01T13:52:53.583545-05:00,https://yeastregulatorydb-htcf-data.s3.amazonaws.com/media/promotersetsig/86.csv.gz,86,NA,NA,NA,1
87,chasem,chasem,harbison_chip,ACA1,YER045C,YPD,unreviewed,TRUE,none,harbison,chip,none,2024-07-01,2024-07-01T13:52:54.344148-05:00,https://yeastregulatorydb-htcf-data.s3.amazonaws.com/media/promotersetsig/87.csv.gz,87,NA,NA,NA,1
88,chasem,chasem,harbison_chip,JHD1,YER051W,YPD,unreviewed,TRUE,none,harbison,chip,none,2024-07-01,2024-07-01T13:52:55.245357-05:00,https://yeastregulatorydb-htcf-data.s3.amazonaws.com/media/promotersetsig/88.csv.gz,88,NA,NA,NA,1
90,chasem,chasem,harbison_chip,MOT2,YER068W,YPD,unreviewed,TRUE,none,harbison,chip,none,2024-07-01,2024-07-01T13:52:56.704667-05:00,https://yeastregulatorydb-htcf-data.s3.amazonaws.com/media/promotersetsig/90.csv.gz,90,NA,NA,NA,1
91,chasem,chasem,harbison_chip,DOT6,YER088C,YPD,unreviewed,TRUE,none,harbison,chip,none,2024-07-01,2024-07-01T13:52:57.562377-05:00,https://yeastregulatorydb-htcf-data.s3.amazonaws.com/media/promotersetsig/91.csv.gz,91,NA,NA,NA,1
92,chasem,chasem,harbison_chip,SWI4,YER111C,YPD,unreviewed,TRUE,none,harbison,chip,none,2024-07-01,2024-07-01T13:52:58.179295-05:00,https://yeastregulatorydb-htcf-data.s3.amazonaws.com/media/promotersetsig/92.csv.gz,92,NA,NA,NA,1
93,chasem,chasem,harbison_chip,COM2,YER130C,YPD,unreviewed,TRUE,none,harbison,chip,none,2024-07-01,2024-07-01T13:52:58.828097-05:00,https://yeastregulatorydb-htcf-data.s3.amazonaws.com/media/promotersetsig/93.csv.gz,93,NA,NA,NA,1
94,chasem,chasem,harbison_chip,SPT2,YER161C,YPD,unreviewed,TRUE,none,harbison,chip,none,2024-07-01,2024-07-01T13:52:59.822047-05:00,https://yeastregulatorydb-htcf-data.s3.amazonaws.com/media/promotersetsig/94.csv.gz,94,NA,NA,NA,1
98,chasem,chasem,harbison_chip,RPH1,YER169W,YPD,unreviewed,TRUE,none,harbison,chip,none,2024-07-01,2024-07-01T13:53:02.833207-05:00,https://yeastregulatorydb-htcf-data.s3.amazonaws.com/media/promotersetsig/98.csv.gz,98,NA,NA,NA,1
99,chasem,chasem,harbison_chip,TOG1,YER184C,YPD,unreviewed,TRUE,none,harbison,chip,none,2024-07-01,2024-07-01T13:53:03.494780-05:00,https://yeastregulatorydb-htcf-data.s3.amazonaws.com/media/promotersetsig/99.csv.gz,99,NA,NA,NA,1
103,chasem,chasem,harbison_chip,GAT1,YFL021W,YPD,unreviewed,TRUE,none,harbison,chip,none,2024-07-01,2024-07-01T13:53:06.615222-05:00,https://yeastregulatorydb-htcf-data.s3.amazonaws.com/media/promotersetsig/103.csv.gz,103,NA,NA,NA,1
104,chasem,chasem,harbison_chip,HAC1,YFL031W,YPD,unreviewed,TRUE,none,harbison,chip,none,2024-07-01,2024-07-01T13:53:07.238774-05:00,https://yeastregulatorydb-htcf-data.s3.amazonaws.com/media/promotersetsig/104.csv.gz,104,NA,NA,NA,1
105,chasem,chasem,harbison_chip,OTU1,YFL044C,YPD,unreviewed,TRUE,none,harbison,chip,none,2024-07-01,2024-07-01T13:53:08.026591-05:00,https://yeastregulatorydb-htcf-data.s3.amazonaws.com/media/promotersetsig/105.csv.gz,105,NA,NA,NA,1
106,chasem,chasem,harbison_chip,ZNF1,YFL052W,YPD,unreviewed,TRUE,none,harbison,chip,none,2024-07-01,2024-07-01T13:53:08.892541-05:00,https://yeastregulatorydb-htcf-data.s3.amazonaws.com/media/promotersetsig/106.csv.gz,106,NA,NA,NA,1
108,chasem,chasem,harbison_chip,PHO4,YFR034C,YPD,unreviewed,TRUE,none,harbison,chip,none,2024-07-01,2024-07-01T13:53:10.333452-05:00,https://yeastregulatorydb-htcf-data.s3.amazonaws.com/media/promotersetsig/108.csv.gz,108,NA,NA,NA,1
110,chasem,chasem,harbison_chip,PDR1,YGL013C,YPD,unreviewed,TRUE,none,harbison,chip,none,2024-07-01,2024-07-01T13:53:11.804324-05:00,https://yeastregulatorydb-htcf-data.s3.amazonaws.com/media/promotersetsig/110.csv.gz,110,NA,NA,NA,1
112,chasem,chasem,harbison_chip,MIG1,YGL035C,YPD,unreviewed,TRUE,none,harbison,chip,none,2024-07-01,2024-07-01T13:53:13.478150-05:00,https://yeastregulatorydb-htcf-data.s3.amazonaws.com/media/promotersetsig/112.csv.gz,112,NA,NA,NA,1
116,chasem,chasem,harbison_chip,AFT1,YGL071W,YPD,unreviewed,TRUE,none,harbison,chip,none,2024-07-01,2024-07-01T13:53:16.377289-05:00,https://yeastregulatorydb-htcf-data.s3.amazonaws.com/media/promotersetsig/116.csv.gz,116,NA,NA,NA,1
120,chasem,chasem,harbison_chip,HSF1,YGL073W,YPD,unreviewed,TRUE,none,harbison,chip,none,2024-07-01,2024-07-01T13:53:19.585667-05:00,https://yeastregulatorydb-htcf-data.s3.amazonaws.com/media/promotersetsig/120.csv.gz,120,NA,NA,NA,1
121,chasem,chasem,harbison_chip,TOS8,YGL096W,YPD,unreviewed,TRUE,none,harbison,chip,none,2024-07-01,2024-07-01T13:53:20.243174-05:00,https://yeastregulatorydb-htcf-data.s3.amazonaws.com/media/promotersetsig/121.csv.gz,121,NA,NA,NA,1
122,chasem,chasem,harbison_chip,SNT2,YGL131C,YPD,unreviewed,TRUE,none,harbison,chip,none,2024-07-01,2024-07-01T13:53:21.026244-05:00,https://yeastregulatorydb-htcf-data.s3.amazonaws.com/media/promotersetsig/122.csv.gz,122,NA,NA,NA,1
123,chasem,chasem,harbison_chip,SUT1,YGL162W,YPD,unreviewed,TRUE,none,harbison,chip,none,2024-07-01,2024-07-01T13:53:21.682498-05:00,https://yeastregulatorydb-htcf-data.s3.amazonaws.com/media/promotersetsig/123.csv.gz,123,NA,NA,NA,1
124,chasem,chasem,harbison_chip,GTS1,YGL181W,YPD,unreviewed,TRUE,none,harbison,chip,none,2024-07-01,2024-07-01T13:53:22.389470-05:00,https://yeastregulatorydb-htcf-data.s3.amazonaws.com/media/promotersetsig/124.csv.gz,124,NA,NA,NA,1
126,chasem,chasem,harbison_chip,IME4,YGL192W,YPD,unreviewed,TRUE,none,harbison,chip,none,2024-07-01,2024-07-01T13:53:23.993844-05:00,https://yeastregulatorydb-htcf-data.s3.amazonaws.com/media/promotersetsig/126.csv.gz,126,NA,NA,NA,1
127,chasem,chasem,harbison_chip,MDS3,YGL197W,YPD,unreviewed,TRUE,none,harbison,chip,none,2024-07-01,2024-07-01T13:53:24.635692-05:00,https://yeastregulatorydb-htcf-data.s3.amazonaws.com/media/promotersetsig/127.csv.gz,127,NA,NA,NA,1
129,chasem,chasem,harbison_chip,MIG2,YGL209W,YPD,unreviewed,TRUE,none,harbison,chip,none,2024-07-01,2024-07-01T13:53:26.098943-05:00,https://yeastregulatorydb-htcf-data.s3.amazonaws.com/media/promotersetsig/129.csv.gz,129,NA,NA,NA,1
131,chasem,chasem,harbison_chip,HAP2,YGL237C,YPD,unreviewed,TRUE,none,harbison,chip,none,2024-07-01,2024-07-01T13:53:28.536518-05:00,https://yeastregulatorydb-htcf-data.s3.amazonaws.com/media/promotersetsig/131.csv.gz,131,NA,NA,NA,1
132,chasem,chasem,harbison_chip,FZF1,YGL254W,YPD,unreviewed,TRUE,none,harbison,chip,none,2024-07-01,2024-07-01T13:53:29.180407-05:00,https://yeastregulatorydb-htcf-data.s3.amazonaws.com/media/promotersetsig/132.csv.gz,132,NA,NA,NA,1
135,chasem,chasem,harbison_chip,KSS1,YGR040W,YPD,unreviewed,TRUE,none,harbison,chip,none,2024-07-01,2024-07-01T13:53:31.606703-05:00,https://yeastregulatorydb-htcf-data.s3.amazonaws.com/media/promotersetsig/135.csv.gz,135,NA,NA,NA,1
136,chasem,chasem,harbison_chip,RME1,YGR044C,YPD,unreviewed,TRUE,none,harbison,chip,none,2024-07-01,2024-07-01T13:53:32.315467-05:00,https://yeastregulatorydb-htcf-data.s3.amazonaws.com/media/promotersetsig/136.csv.gz,136,NA,NA,NA,1
137,chasem,chasem,harbison_chip,unknown_2578,YGR067C,YPD,unreviewed,TRUE,none,harbison,chip,none,2024-07-01,2024-07-01T13:53:33.118384-05:00,https://yeastregulatorydb-htcf-data.s3.amazonaws.com/media/promotersetsig/137.csv.gz,137,NA,NA,NA,1
138,chasem,chasem,harbison_chip,NNF2,YGR089W,YPD,unreviewed,TRUE,none,harbison,chip,none,2024-07-01,2024-07-01T13:53:33.890099-05:00,https://yeastregulatorydb-htcf-data.s3.amazonaws.com/media/promotersetsig/138.csv.gz,138,NA,NA,NA,1
139,chasem,chasem,harbison_chip,ASK10,YGR097W,YPD,unreviewed,TRUE,none,harbison,chip,none,2024-07-01,2024-07-01T13:53:34.565535-05:00,https://yeastregulatorydb-htcf-data.s3.amazonaws.com/media/promotersetsig/139.csv.gz,139,NA,NA,NA,1
141,chasem,chasem,harbison_chip,MGA1,YGR249W,YPD,unreviewed,TRUE,none,harbison,chip,none,2024-07-01,2024-07-01T13:53:36.145624-05:00,https://yeastregulatorydb-htcf-data.s3.amazonaws.com/media/promotersetsig/141.csv.gz,141,NA,NA,NA,1
142,chasem,chasem,harbison_chip,MAL13,YGR288W,YPD,unreviewed,TRUE,none,harbison,chip,none,2024-07-01,2024-07-01T13:53:36.875823-05:00,https://yeastregulatorydb-htcf-data.s3.amazonaws.com/media/promotersetsig/142.csv.gz,142,NA,NA,NA,1
144,chasem,chasem,harbison_chip,YAP3,YHL009C,YPD,unreviewed,TRUE,none,harbison,chip,none,2024-07-01,2024-07-01T13:53:38.468669-05:00,https://yeastregulatorydb-htcf-data.s3.amazonaws.com/media/promotersetsig/144.csv.gz,144,NA,NA,NA,1
145,chasem,chasem,harbison_chip,OPI1,YHL020C,YPD,unreviewed,TRUE,none,harbison,chip,none,2024-07-01,2024-07-01T13:53:39.155999-05:00,https://yeastregulatorydb-htcf-data.s3.amazonaws.com/media/promotersetsig/145.csv.gz,145,NA,NA,NA,1
148,chasem,chasem,harbison_chip,RIM101,YHL027W,YPD,unreviewed,TRUE,none,harbison,chip,none,2024-07-01,2024-07-01T13:53:41.565469-05:00,https://yeastregulatorydb-htcf-data.s3.amazonaws.com/media/promotersetsig/148.csv.gz,148,NA,NA,NA,1
149,chasem,chasem,harbison_chip,STP2,YHR006W,YPD,unreviewed,TRUE,none,harbison,chip,none,2024-07-01,2024-07-01T13:53:42.416167-05:00,https://yeastregulatorydb-htcf-data.s3.amazonaws.com/media/promotersetsig/149.csv.gz,149,NA,NA,NA,1
153,chasem,chasem,harbison_chip,STE12,YHR084W,YPD,unreviewed,TRUE,none,harbison,chip,none,2024-07-01,2024-07-01T13:53:45.348652-05:00,https://yeastregulatorydb-htcf-data.s3.amazonaws.com/media/promotersetsig/153.csv.gz,153,NA,NA,NA,1
154,chasem,chasem,harbison_chip,NDT80,YHR124W,YPD,unreviewed,TRUE,none,harbison,chip,none,2024-07-01,2024-07-01T13:53:45.965953-05:00,https://yeastregulatorydb-htcf-data.s3.amazonaws.com/media/promotersetsig/154.csv.gz,154,NA,NA,NA,1
155,chasem,chasem,harbison_chip,STB5,YHR178W,YPD,unreviewed,TRUE,none,harbison,chip,none,2024-07-01,2024-07-01T13:53:46.660882-05:00,https://yeastregulatorydb-htcf-data.s3.amazonaws.com/media/promotersetsig/155.csv.gz,155,NA,NA,NA,1
159,chasem,chasem,harbison_chip,SKN7,YHR206W,YPD,unreviewed,TRUE,none,harbison,chip,none,2024-07-01,2024-07-01T13:53:49.531618-05:00,https://yeastregulatorydb-htcf-data.s3.amazonaws.com/media/promotersetsig/159.csv.gz,159,NA,NA,NA,1
160,chasem,chasem,harbison_chip,CST6,YIL036W,YPD,unreviewed,TRUE,none,harbison,chip,none,2024-07-01,2024-07-01T13:53:50.242563-05:00,https://yeastregulatorydb-htcf-data.s3.amazonaws.com/media/promotersetsig/160.csv.gz,160,NA,NA,NA,1
162,chasem,chasem,harbison_chip,XBP1,YIL101C,YPD,unreviewed,TRUE,none,harbison,chip,none,2024-07-01,2024-07-01T13:53:51.823999-05:00,https://yeastregulatorydb-htcf-data.s3.amazonaws.com/media/promotersetsig/162.csv.gz,162,NA,NA,NA,1
163,chasem,chasem,harbison_chip,RPI1,YIL119C,YPD,unreviewed,TRUE,none,harbison,chip,none,2024-07-01,2024-07-01T13:53:52.459251-05:00,https://yeastregulatorydb-htcf-data.s3.amazonaws.com/media/promotersetsig/163.csv.gz,163,NA,NA,NA,1
164,chasem,chasem,harbison_chip,MET18,YIL128W,YPD,unreviewed,TRUE,none,harbison,chip,none,2024-07-01,2024-07-01T13:53:53.107279-05:00,https://yeastregulatorydb-htcf-data.s3.amazonaws.com/media/promotersetsig/164.csv.gz,164,NA,NA,NA,1
165,chasem,chasem,harbison_chip,FKH1,YIL131C,YPD,unreviewed,TRUE,none,harbison,chip,none,2024-07-01,2024-07-01T13:53:54.137090-05:00,https://yeastregulatorydb-htcf-data.s3.amazonaws.com/media/promotersetsig/165.csv.gz,165,NA,NA,NA,1
167,chasem,chasem,harbison_chip,MET28,YIR017C,YPD,unreviewed,TRUE,none,harbison,chip,none,2024-07-01,2024-07-01T13:53:55.638288-05:00,https://yeastregulatorydb-htcf-data.s3.amazonaws.com/media/promotersetsig/167.csv.gz,167,NA,NA,NA,1
169,chasem,chasem,harbison_chip,YAP5,YIR018W,YPD,unreviewed,TRUE,none,harbison,chip,none,2024-07-01,2024-07-01T13:53:57.388442-05:00,https://yeastregulatorydb-htcf-data.s3.amazonaws.com/media/promotersetsig/169.csv.gz,169,NA,NA,NA,1
172,chasem,chasem,harbison_chip,DAL81,YIR023W,YPD,unreviewed,TRUE,none,harbison,chip,none,2024-07-01,2024-07-01T13:53:59.461638-05:00,https://yeastregulatorydb-htcf-data.s3.amazonaws.com/media/promotersetsig/172.csv.gz,172,NA,NA,NA,1
173,chasem,chasem,harbison_chip,ZAP1,YJL056C,YPD,unreviewed,TRUE,none,harbison,chip,none,2024-07-01,2024-07-01T13:54:00.095191-05:00,https://yeastregulatorydb-htcf-data.s3.amazonaws.com/media/promotersetsig/173.csv.gz,173,NA,NA,NA,1
175,chasem,chasem,harbison_chip,SIP4,YJL089W,YPD,unreviewed,TRUE,none,harbison,chip,none,2024-07-01,2024-07-01T13:54:01.714276-05:00,https://yeastregulatorydb-htcf-data.s3.amazonaws.com/media/promotersetsig/175.csv.gz,175,NA,NA,NA,1
178,chasem,chasem,harbison_chip,GZF3,YJL110C,YPD,unreviewed,TRUE,none,harbison,chip,none,2024-07-01,2024-07-01T13:54:04.013757-05:00,https://yeastregulatorydb-htcf-data.s3.amazonaws.com/media/promotersetsig/178.csv.gz,178,NA,NA,NA,1
179,chasem,chasem,harbison_chip,SPT10,YJL127C,YPD,unreviewed,TRUE,none,harbison,chip,none,2024-07-01,2024-07-01T13:54:04.784360-05:00,https://yeastregulatorydb-htcf-data.s3.amazonaws.com/media/promotersetsig/179.csv.gz,179,NA,NA,NA,1
182,chasem,chasem,harbison_chip,unknown_3470,YJL206C,YPD,unreviewed,TRUE,none,harbison,chip,none,2024-07-01,2024-07-01T13:54:07.312691-05:00,https://yeastregulatorydb-htcf-data.s3.amazonaws.com/media/promotersetsig/182.csv.gz,182,NA,NA,NA,1
184,chasem,chasem,harbison_chip,CBF1,YJR060W,YPD,unreviewed,TRUE,none,harbison,chip,none,2024-07-01,2024-07-01T13:54:13.727076-05:00,https://yeastregulatorydb-htcf-data.s3.amazonaws.com/media/promotersetsig/184.csv.gz,184,NA,NA,NA,1
186,chasem,chasem,harbison_chip,IME1,YJR094C,YPD,unreviewed,TRUE,none,harbison,chip,none,2024-07-01,2024-07-01T13:54:15.338015-05:00,https://yeastregulatorydb-htcf-data.s3.amazonaws.com/media/promotersetsig/186.csv.gz,186,NA,NA,NA,1
187,chasem,chasem,harbison_chip,RSF2,YJR127C,YPD,unreviewed,TRUE,none,harbison,chip,none,2024-07-01,2024-07-01T13:54:16.042963-05:00,https://yeastregulatorydb-htcf-data.s3.amazonaws.com/media/promotersetsig/187.csv.gz,187,NA,NA,NA,1
188,chasem,chasem,harbison_chip,HIR3,YJR140C,YPD,unreviewed,TRUE,none,harbison,chip,none,2024-07-01,2024-07-01T13:54:16.712783-05:00,https://yeastregulatorydb-htcf-data.s3.amazonaws.com/media/promotersetsig/188.csv.gz,188,NA,NA,NA,1
189,chasem,chasem,harbison_chip,HMS2,YJR147W,YPD,unreviewed,TRUE,none,harbison,chip,none,2024-07-01,2024-07-01T13:54:17.442051-05:00,https://yeastregulatorydb-htcf-data.s3.amazonaws.com/media/promotersetsig/189.csv.gz,189,NA,NA,NA,1
190,chasem,chasem,harbison_chip,BYE1,YKL005C,YPD,unreviewed,TRUE,none,harbison,chip,none,2024-07-01,2024-07-01T13:54:18.316003-05:00,https://yeastregulatorydb-htcf-data.s3.amazonaws.com/media/promotersetsig/190.csv.gz,190,NA,NA,NA,1
193,chasem,chasem,harbison_chip,PUT3,YKL015W,YPD,unreviewed,TRUE,none,harbison,chip,none,2024-07-01,2024-07-01T13:54:20.783928-05:00,https://yeastregulatorydb-htcf-data.s3.amazonaws.com/media/promotersetsig/193.csv.gz,193,NA,NA,NA,1
194,chasem,chasem,harbison_chip,SPT23,YKL020C,YPD,unreviewed,TRUE,none,harbison,chip,none,2024-07-01,2024-07-01T13:54:21.511914-05:00,https://yeastregulatorydb-htcf-data.s3.amazonaws.com/media/promotersetsig/194.csv.gz,194,NA,NA,NA,1
195,chasem,chasem,harbison_chip,IXR1,YKL032C,YPD,unreviewed,TRUE,none,harbison,chip,none,2024-07-01,2024-07-01T13:54:22.242331-05:00,https://yeastregulatorydb-htcf-data.s3.amazonaws.com/media/promotersetsig/195.csv.gz,195,NA,NA,NA,1
197,chasem,chasem,harbison_chip,RGT1,YKL038W,YPD,unreviewed,TRUE,none,harbison,chip,none,2024-07-01,2024-07-01T13:54:23.669665-05:00,https://yeastregulatorydb-htcf-data.s3.amazonaws.com/media/promotersetsig/197.csv.gz,197,NA,NA,NA,1
199,chasem,chasem,harbison_chip,PHD1,YKL043W,YPD,unreviewed,TRUE,none,harbison,chip,none,2024-07-01,2024-07-01T13:54:25.306694-05:00,https://yeastregulatorydb-htcf-data.s3.amazonaws.com/media/promotersetsig/199.csv.gz,199,NA,NA,NA,1
204,chasem,chasem,harbison_chip,MSN4,YKL062W,YPD,unreviewed,TRUE,none,harbison,chip,none,2024-07-01,2024-07-01T13:54:29.126347-05:00,https://yeastregulatorydb-htcf-data.s3.amazonaws.com/media/promotersetsig/204.csv.gz,204,NA,NA,NA,1
205,chasem,chasem,harbison_chip,STB6,YKL072W,YPD,unreviewed,TRUE,none,harbison,chip,none,2024-07-01,2024-07-01T13:54:30.149765-05:00,https://yeastregulatorydb-htcf-data.s3.amazonaws.com/media/promotersetsig/205.csv.gz,205,NA,NA,NA,1
208,chasem,chasem,harbison_chip,HAP4,YKL109W,YPD,unreviewed,TRUE,none,harbison,chip,none,2024-07-01,2024-07-01T13:54:32.429869-05:00,https://yeastregulatorydb-htcf-data.s3.amazonaws.com/media/promotersetsig/208.csv.gz,208,NA,NA,NA,1
209,chasem,chasem,harbison_chip,ABF1,YKL112W,YPD,unreviewed,TRUE,none,harbison,chip,none,2024-07-01,2024-07-01T13:54:33.047917-05:00,https://yeastregulatorydb-htcf-data.s3.amazonaws.com/media/promotersetsig/209.csv.gz,209,NA,NA,NA,1
211,chasem,chasem,harbison_chip,ASH1,YKL185W,YPD,unreviewed,TRUE,none,harbison,chip,none,2024-07-01,2024-07-01T13:54:34.584320-05:00,https://yeastregulatorydb-htcf-data.s3.amazonaws.com/media/promotersetsig/211.csv.gz,211,NA,NA,NA,1
212,chasem,chasem,harbison_chip,unknown_3887,YKL222C,YPD,unreviewed,TRUE,none,harbison,chip,none,2024-07-01,2024-07-01T13:54:35.299667-05:00,https://yeastregulatorydb-htcf-data.s3.amazonaws.com/media/promotersetsig/212.csv.gz,212,NA,NA,NA,1
214,chasem,chasem,harbison_chip,DAL80,YKR034W,YPD,unreviewed,TRUE,none,harbison,chip,none,2024-07-01,2024-07-01T13:54:36.859688-05:00,https://yeastregulatorydb-htcf-data.s3.amazonaws.com/media/promotersetsig/214.csv.gz,214,NA,NA,NA,1
215,chasem,chasem,harbison_chip,OAF3,YKR064W,YPD,unreviewed,TRUE,none,harbison,chip,none,2024-07-01,2024-07-01T13:54:37.582556-05:00,https://yeastregulatorydb-htcf-data.s3.amazonaws.com/media/promotersetsig/215.csv.gz,215,NA,NA,NA,1
217,chasem,chasem,harbison_chip,BAS1,YKR099W,YPD,unreviewed,TRUE,none,harbison,chip,none,2024-07-01,2024-07-01T13:54:39.155785-05:00,https://yeastregulatorydb-htcf-data.s3.amazonaws.com/media/promotersetsig/217.csv.gz,217,NA,NA,NA,1
218,chasem,chasem,harbison_chip,GAT3,YLR013W,YPD,unreviewed,TRUE,none,harbison,chip,none,2024-07-01,2024-07-01T13:54:39.950154-05:00,https://yeastregulatorydb-htcf-data.s3.amazonaws.com/media/promotersetsig/218.csv.gz,218,NA,NA,NA,1
219,chasem,chasem,harbison_chip,PPR1,YLR014C,YPD,unreviewed,TRUE,none,harbison,chip,none,2024-07-01,2024-07-01T13:54:40.610103-05:00,https://yeastregulatorydb-htcf-data.s3.amazonaws.com/media/promotersetsig/219.csv.gz,219,NA,NA,NA,1
221,chasem,chasem,harbison_chip,CHA4,YLR098C,YPD,unreviewed,TRUE,none,harbison,chip,none,2024-07-01,2024-07-01T13:54:42.131146-05:00,https://yeastregulatorydb-htcf-data.s3.amazonaws.com/media/promotersetsig/221.csv.gz,221,NA,NA,NA,1
222,chasem,chasem,harbison_chip,HOG1,YLR113W,YPD,unreviewed,TRUE,none,harbison,chip,none,2024-07-01,2024-07-01T13:54:42.771589-05:00,https://yeastregulatorydb-htcf-data.s3.amazonaws.com/media/promotersetsig/222.csv.gz,222,NA,NA,NA,1
223,chasem,chasem,harbison_chip,ACE2,YLR131C,YPD,unreviewed,TRUE,none,harbison,chip,none,2024-07-01,2024-07-01T13:54:43.499684-05:00,https://yeastregulatorydb-htcf-data.s3.amazonaws.com/media/promotersetsig/223.csv.gz,223,NA,NA,NA,1
224,chasem,chasem,harbison_chip,RFX1,YLR176C,YPD,unreviewed,TRUE,none,harbison,chip,none,2024-07-01,2024-07-01T13:54:44.315487-05:00,https://yeastregulatorydb-htcf-data.s3.amazonaws.com/media/promotersetsig/224.csv.gz,224,NA,NA,NA,1
225,chasem,chasem,harbison_chip,SWI6,YLR182W,YPD,unreviewed,TRUE,none,harbison,chip,none,2024-07-01,2024-07-01T13:54:44.916375-05:00,https://yeastregulatorydb-htcf-data.s3.amazonaws.com/media/promotersetsig/225.csv.gz,225,NA,NA,NA,1
226,chasem,chasem,harbison_chip,IFH1,YLR223C,YPD,unreviewed,TRUE,none,harbison,chip,none,2024-07-01,2024-07-01T13:54:45.540161-05:00,https://yeastregulatorydb-htcf-data.s3.amazonaws.com/media/promotersetsig/226.csv.gz,226,NA,NA,NA,1
227,chasem,chasem,harbison_chip,ECM22,YLR228C,YPD,unreviewed,TRUE,none,harbison,chip,none,2024-07-01,2024-07-01T13:54:46.673697-05:00,https://yeastregulatorydb-htcf-data.s3.amazonaws.com/media/promotersetsig/227.csv.gz,227,NA,NA,NA,1
228,chasem,chasem,harbison_chip,HAP1,YLR256W,YPD,unreviewed,TRUE,none,harbison,chip,none,2024-07-01,2024-07-01T13:54:47.330062-05:00,https://yeastregulatorydb-htcf-data.s3.amazonaws.com/media/promotersetsig/228.csv.gz,228,NA,NA,NA,1
229,chasem,chasem,harbison_chip,unknown_4667,YLR278C,YPD,unreviewed,TRUE,none,harbison,chip,none,2024-07-01,2024-07-01T13:54:48.122844-05:00,https://yeastregulatorydb-htcf-data.s3.amazonaws.com/media/promotersetsig/229.csv.gz,229,NA,NA,NA,1
233,chasem,chasem,harbison_chip,SFP1,YLR403W,YPD,unreviewed,TRUE,none,harbison,chip,none,2024-07-01,2024-07-01T13:54:51.150064-05:00,https://yeastregulatorydb-htcf-data.s3.amazonaws.com/media/promotersetsig/233.csv.gz,233,NA,NA,NA,1
235,chasem,chasem,harbison_chip,LEU3,YLR451W,YPD,unreviewed,TRUE,none,harbison,chip,none,2024-07-01,2024-07-01T13:54:52.642350-05:00,https://yeastregulatorydb-htcf-data.s3.amazonaws.com/media/promotersetsig/235.csv.gz,235,NA,NA,NA,1
239,chasem,chasem,harbison_chip,YAP1,YML007W,YPD,unreviewed,TRUE,none,harbison,chip,none,2024-07-01,2024-07-01T13:54:55.769512-05:00,https://yeastregulatorydb-htcf-data.s3.amazonaws.com/media/promotersetsig/239.csv.gz,239,NA,NA,NA,1
240,chasem,chasem,harbison_chip,YOX1,YML027W,YPD,unreviewed,TRUE,none,harbison,chip,none,2024-07-01,2024-07-01T13:54:56.400525-05:00,https://yeastregulatorydb-htcf-data.s3.amazonaws.com/media/promotersetsig/240.csv.gz,240,NA,NA,NA,1
241,chasem,chasem,harbison_chip,GAL80,YML051W,YPD,unreviewed,TRUE,none,harbison,chip,none,2024-07-01,2024-07-01T13:54:57.029787-05:00,https://yeastregulatorydb-htcf-data.s3.amazonaws.com/media/promotersetsig/241.csv.gz,241,NA,NA,NA,1
242,chasem,chasem,harbison_chip,WAR1,YML076C,YPD,unreviewed,TRUE,none,harbison,chip,none,2024-07-01,2024-07-01T13:54:57.787033-05:00,https://yeastregulatorydb-htcf-data.s3.amazonaws.com/media/promotersetsig/242.csv.gz,242,NA,NA,NA,1
243,chasem,chasem,harbison_chip,TDA9,YML081W,YPD,unreviewed,TRUE,none,harbison,chip,none,2024-07-01,2024-07-01T13:54:58.446272-05:00,https://yeastregulatorydb-htcf-data.s3.amazonaws.com/media/promotersetsig/243.csv.gz,243,NA,NA,NA,1
245,chasem,chasem,harbison_chip,ARG81,YML099C,YPD,unreviewed,TRUE,none,harbison,chip,none,2024-07-01,2024-07-01T13:54:59.922168-05:00,https://yeastregulatorydb-htcf-data.s3.amazonaws.com/media/promotersetsig/245.csv.gz,245,NA,NA,NA,1
246,chasem,chasem,harbison_chip,DAT1,YML113W,YPD,unreviewed,TRUE,none,harbison,chip,none,2024-07-01,2024-07-01T13:55:00.585736-05:00,https://yeastregulatorydb-htcf-data.s3.amazonaws.com/media/promotersetsig/246.csv.gz,246,NA,NA,NA,1
248,chasem,chasem,harbison_chip,SOK2,YMR016C,YPD,unreviewed,TRUE,none,harbison,chip,none,2024-07-01,2024-07-01T13:55:02.536318-05:00,https://yeastregulatorydb-htcf-data.s3.amazonaws.com/media/promotersetsig/248.csv.gz,248,NA,NA,NA,1
249,chasem,chasem,harbison_chip,STB4,YMR019W,YPD,unreviewed,TRUE,none,harbison,chip,none,2024-07-01,2024-07-01T13:55:03.147063-05:00,https://yeastregulatorydb-htcf-data.s3.amazonaws.com/media/promotersetsig/249.csv.gz,249,NA,NA,NA,1
251,chasem,chasem,harbison_chip,MAC1,YMR021C,YPD,unreviewed,TRUE,none,harbison,chip,none,2024-07-01,2024-07-01T13:55:04.588016-05:00,https://yeastregulatorydb-htcf-data.s3.amazonaws.com/media/promotersetsig/251.csv.gz,251,NA,NA,NA,1
257,chasem,chasem,harbison_chip,MSN2,YMR037C,YPD,unreviewed,TRUE,none,harbison,chip,none,2024-07-01,2024-07-01T13:55:09.239700-05:00,https://yeastregulatorydb-htcf-data.s3.amazonaws.com/media/promotersetsig/257.csv.gz,257,NA,NA,NA,1
259,chasem,chasem,harbison_chip,ARG80,YMR042W,YPD,unreviewed,TRUE,none,harbison,chip,none,2024-07-01,2024-07-01T13:55:10.546137-05:00,https://yeastregulatorydb-htcf-data.s3.amazonaws.com/media/promotersetsig/259.csv.gz,259,NA,NA,NA,1
261,chasem,chasem,harbison_chip,MCM1,YMR043W,YPD,unreviewed,TRUE,none,harbison,chip,none,2024-07-01,2024-07-01T13:55:12.044670-05:00,https://yeastregulatorydb-htcf-data.s3.amazonaws.com/media/promotersetsig/261.csv.gz,261,NA,NA,NA,1
262,chasem,chasem,harbison_chip,STB2,YMR053C,YPD,unreviewed,TRUE,none,harbison,chip,none,2024-07-01,2024-07-01T13:55:12.701674-05:00,https://yeastregulatorydb-htcf-data.s3.amazonaws.com/media/promotersetsig/262.csv.gz,262,NA,NA,NA,1
266,chasem,chasem,harbison_chip,MOT3,YMR070W,YPD,unreviewed,TRUE,none,harbison,chip,none,2024-07-01,2024-07-01T13:55:15.436347-05:00,https://yeastregulatorydb-htcf-data.s3.amazonaws.com/media/promotersetsig/266.csv.gz,266,NA,NA,NA,1
267,chasem,chasem,harbison_chip,RCO1,YMR075W,YPD,unreviewed,TRUE,none,harbison,chip,none,2024-07-01,2024-07-01T13:55:16.408653-05:00,https://yeastregulatorydb-htcf-data.s3.amazonaws.com/media/promotersetsig/267.csv.gz,267,NA,NA,NA,1
269,chasem,chasem,harbison_chip,MSS11,YMR164C,YPD,unreviewed,TRUE,none,harbison,chip,none,2024-07-01,2024-07-01T13:55:17.997986-05:00,https://yeastregulatorydb-htcf-data.s3.amazonaws.com/media/promotersetsig/269.csv.gz,269,NA,NA,NA,1
270,chasem,chasem,harbison_chip,RGM1,YMR182C,YPD,unreviewed,TRUE,none,harbison,chip,none,2024-07-01,2024-07-01T13:55:18.814302-05:00,https://yeastregulatorydb-htcf-data.s3.amazonaws.com/media/promotersetsig/270.csv.gz,270,NA,NA,NA,1
271,chasem,chasem,harbison_chip,CRZ1,YNL027W,YPD,unreviewed,TRUE,none,harbison,chip,none,2024-07-01,2024-07-01T13:55:19.529931-05:00,https://yeastregulatorydb-htcf-data.s3.amazonaws.com/media/promotersetsig/271.csv.gz,271,NA,NA,NA,1
274,chasem,chasem,harbison_chip,FKH2,YNL068C,YPD,unreviewed,TRUE,none,harbison,chip,none,2024-07-01,2024-07-01T13:55:21.911397-05:00,https://yeastregulatorydb-htcf-data.s3.amazonaws.com/media/promotersetsig/274.csv.gz,274,NA,NA,NA,1
276,chasem,chasem,harbison_chip,MET4,YNL103W,YPD,unreviewed,TRUE,none,harbison,chip,none,2024-07-01,2024-07-01T13:55:23.739520-05:00,https://yeastregulatorydb-htcf-data.s3.amazonaws.com/media/promotersetsig/276.csv.gz,276,NA,NA,NA,1
277,chasem,chasem,harbison_chip,KRE33,YNL132W,YPD,unreviewed,TRUE,none,harbison,chip,none,2024-07-01,2024-07-01T13:55:24.354748-05:00,https://yeastregulatorydb-htcf-data.s3.amazonaws.com/media/promotersetsig/277.csv.gz,277,NA,NA,NA,1
278,chasem,chasem,harbison_chip,THO2,YNL139C,YPD,unreviewed,TRUE,none,harbison,chip,none,2024-07-01,2024-07-01T13:55:25.272065-05:00,https://yeastregulatorydb-htcf-data.s3.amazonaws.com/media/promotersetsig/278.csv.gz,278,NA,NA,NA,1
279,chasem,chasem,harbison_chip,SKO1,YNL167C,YPD,unreviewed,TRUE,none,harbison,chip,none,2024-07-01,2024-07-01T13:55:26.157412-05:00,https://yeastregulatorydb-htcf-data.s3.amazonaws.com/media/promotersetsig/279.csv.gz,279,NA,NA,NA,1
281,chasem,chasem,harbison_chip,GCR2,YNL199C,YPD,unreviewed,TRUE,none,harbison,chip,none,2024-07-01,2024-07-01T13:55:27.482430-05:00,https://yeastregulatorydb-htcf-data.s3.amazonaws.com/media/promotersetsig/281.csv.gz,281,NA,NA,NA,1
283,chasem,chasem,harbison_chip,RAP1,YNL216W,YPD,unreviewed,TRUE,none,harbison,chip,none,2024-07-01,2024-07-01T13:55:28.971777-05:00,https://yeastregulatorydb-htcf-data.s3.amazonaws.com/media/promotersetsig/283.csv.gz,283,NA,NA,NA,1
284,chasem,chasem,harbison_chip,SIP3,YNL257C,YPD,unreviewed,TRUE,none,harbison,chip,none,2024-07-01,2024-07-01T13:55:29.669942-05:00,https://yeastregulatorydb-htcf-data.s3.amazonaws.com/media/promotersetsig/284.csv.gz,284,NA,NA,NA,1
285,chasem,chasem,harbison_chip,STB1,YNL309W,YPD,unreviewed,TRUE,none,harbison,chip,none,2024-07-01,2024-07-01T13:55:30.701485-05:00,https://yeastregulatorydb-htcf-data.s3.amazonaws.com/media/promotersetsig/285.csv.gz,285,NA,NA,NA,1
288,chasem,chasem,harbison_chip,DAL82,YNL314W,YPD,unreviewed,TRUE,none,harbison,chip,none,2024-07-01,2024-07-01T13:55:32.947948-05:00,https://yeastregulatorydb-htcf-data.s3.amazonaws.com/media/promotersetsig/288.csv.gz,288,NA,NA,NA,1
289,chasem,chasem,harbison_chip,ESF2,YNR054C,YPD,unreviewed,TRUE,none,harbison,chip,none,2024-07-01,2024-07-01T13:55:33.667115-05:00,https://yeastregulatorydb-htcf-data.s3.amazonaws.com/media/promotersetsig/289.csv.gz,289,NA,NA,NA,1
290,chasem,chasem,harbison_chip,PUL4,YNR063W,YPD,unreviewed,TRUE,none,harbison,chip,none,2024-07-01,2024-07-01T13:55:34.285093-05:00,https://yeastregulatorydb-htcf-data.s3.amazonaws.com/media/promotersetsig/290.csv.gz,290,NA,NA,NA,1
293,chasem,chasem,harbison_chip,YAP7,YOL028C,YPD,unreviewed,TRUE,none,harbison,chip,none,2024-07-01,2024-07-01T13:55:36.434107-05:00,https://yeastregulatorydb-htcf-data.s3.amazonaws.com/media/promotersetsig/293.csv.gz,293,NA,NA,NA,1
296,chasem,chasem,harbison_chip,RTG1,YOL067C,YPD,unreviewed,TRUE,none,harbison,chip,none,2024-07-01,2024-07-01T13:55:38.683286-05:00,https://yeastregulatorydb-htcf-data.s3.amazonaws.com/media/promotersetsig/296.csv.gz,296,NA,NA,NA,1
297,chasem,chasem,harbison_chip,HAL9,YOL089C,YPD,unreviewed,TRUE,none,harbison,chip,none,2024-07-01,2024-07-01T13:55:39.309456-05:00,https://yeastregulatorydb-htcf-data.s3.amazonaws.com/media/promotersetsig/297.csv.gz,297,NA,NA,NA,1
298,chasem,chasem,harbison_chip,INO4,YOL108C,YPD,unreviewed,TRUE,none,harbison,chip,none,2024-07-01,2024-07-01T13:55:40.178526-05:00,https://yeastregulatorydb-htcf-data.s3.amazonaws.com/media/promotersetsig/298.csv.gz,298,NA,NA,NA,1
299,chasem,chasem,harbison_chip,MSN1,YOL116W,YPD,unreviewed,TRUE,none,harbison,chip,none,2024-07-01,2024-07-01T13:55:40.857585-05:00,https://yeastregulatorydb-htcf-data.s3.amazonaws.com/media/promotersetsig/299.csv.gz,299,NA,NA,NA,1
302,chasem,chasem,harbison_chip,CIN5,YOR028C,YPD,unreviewed,TRUE,none,harbison,chip,none,2024-07-01,2024-07-01T13:55:43.293158-05:00,https://yeastregulatorydb-htcf-data.s3.amazonaws.com/media/promotersetsig/302.csv.gz,302,NA,NA,NA,1
303,chasem,chasem,harbison_chip,HMS1,YOR032C,YPD,unreviewed,TRUE,none,harbison,chip,none,2024-07-01,2024-07-01T13:55:44.008189-05:00,https://yeastregulatorydb-htcf-data.s3.amazonaws.com/media/promotersetsig/303.csv.gz,303,NA,NA,NA,1
304,chasem,chasem,harbison_chip,HIR2,YOR038C,YPD,unreviewed,TRUE,none,harbison,chip,none,2024-07-01,2024-07-01T13:55:44.835803-05:00,https://yeastregulatorydb-htcf-data.s3.amazonaws.com/media/promotersetsig/304.csv.gz,304,NA,NA,NA,1
305,chasem,chasem,harbison_chip,RTS2,YOR077W,YPD,unreviewed,TRUE,none,harbison,chip,none,2024-07-01,2024-07-01T13:55:45.649410-05:00,https://yeastregulatorydb-htcf-data.s3.amazonaws.com/media/promotersetsig/305.csv.gz,305,NA,NA,NA,1
306,chasem,chasem,harbison_chip,AZF1,YOR113W,YPD,unreviewed,TRUE,none,harbison,chip,none,2024-07-01,2024-07-01T13:55:46.369837-05:00,https://yeastregulatorydb-htcf-data.s3.amazonaws.com/media/promotersetsig/306.csv.gz,306,NA,NA,NA,1
307,chasem,chasem,harbison_chip,SFL1,YOR140W,YPD,unreviewed,TRUE,none,harbison,chip,none,2024-07-01,2024-07-01T13:55:47.112892-05:00,https://yeastregulatorydb-htcf-data.s3.amazonaws.com/media/promotersetsig/307.csv.gz,307,NA,NA,NA,1
308,chasem,chasem,harbison_chip,YRR1,YOR162C,YPD,unreviewed,TRUE,none,harbison,chip,none,2024-07-01,2024-07-01T13:55:47.909043-05:00,https://yeastregulatorydb-htcf-data.s3.amazonaws.com/media/promotersetsig/308.csv.gz,308,NA,NA,NA,1
309,chasem,chasem,harbison_chip,WTM2,YOR229W,YPD,unreviewed,TRUE,none,harbison,chip,none,2024-07-01,2024-07-01T13:55:48.622929-05:00,https://yeastregulatorydb-htcf-data.s3.amazonaws.com/media/promotersetsig/309.csv.gz,309,NA,NA,NA,1
310,chasem,chasem,harbison_chip,WTM1,YOR230W,YPD,unreviewed,TRUE,none,harbison,chip,none,2024-07-01,2024-07-01T13:55:49.440138-05:00,https://yeastregulatorydb-htcf-data.s3.amazonaws.com/media/promotersetsig/310.csv.gz,310,NA,NA,NA,1
311,chasem,chasem,harbison_chip,MBF1,YOR298C-A,YPD,unreviewed,TRUE,none,harbison,chip,none,2024-07-01,2024-07-01T13:55:50.104003-05:00,https://yeastregulatorydb-htcf-data.s3.amazonaws.com/media/promotersetsig/311.csv.gz,311,NA,NA,NA,1
312,chasem,chasem,harbison_chip,TYE7,YOR344C,YPD,unreviewed,TRUE,none,harbison,chip,none,2024-07-01,2024-07-01T13:55:50.874122-05:00,https://yeastregulatorydb-htcf-data.s3.amazonaws.com/media/promotersetsig/312.csv.gz,312,NA,NA,NA,1
314,chasem,chasem,harbison_chip,HAP5,YOR358W,YPD,unreviewed,TRUE,none,harbison,chip,none,2024-07-01,2024-07-01T13:55:52.508473-05:00,https://yeastregulatorydb-htcf-data.s3.amazonaws.com/media/promotersetsig/314.csv.gz,314,NA,NA,NA,1
315,chasem,chasem,harbison_chip,PIP2,YOR363C,YPD,unreviewed,TRUE,none,harbison,chip,none,2024-07-01,2024-07-01T13:55:53.142392-05:00,https://yeastregulatorydb-htcf-data.s3.amazonaws.com/media/promotersetsig/315.csv.gz,315,NA,NA,NA,1
316,chasem,chasem,harbison_chip,NDD1,YOR372C,YPD,unreviewed,TRUE,none,harbison,chip,none,2024-07-01,2024-07-01T13:55:54.043626-05:00,https://yeastregulatorydb-htcf-data.s3.amazonaws.com/media/promotersetsig/316.csv.gz,316,NA,NA,NA,1
317,chasem,chasem,harbison_chip,RDR1,YOR380W,YPD,unreviewed,TRUE,none,harbison,chip,none,2024-07-01,2024-07-01T13:55:54.772986-05:00,https://yeastregulatorydb-htcf-data.s3.amazonaws.com/media/promotersetsig/317.csv.gz,317,NA,NA,NA,1
319,chasem,chasem,harbison_chip,MET31,YPL038W,YPD,unreviewed,TRUE,none,harbison,chip,none,2024-07-01,2024-07-01T13:55:56.399258-05:00,https://yeastregulatorydb-htcf-data.s3.amazonaws.com/media/promotersetsig/319.csv.gz,319,NA,NA,NA,1
323,chasem,chasem,harbison_chip,DIG1,YPL049C,YPD,unreviewed,TRUE,none,harbison,chip,none,2024-07-01,2024-07-01T13:55:59.368722-05:00,https://yeastregulatorydb-htcf-data.s3.amazonaws.com/media/promotersetsig/323.csv.gz,323,NA,NA,NA,1
324,chasem,chasem,harbison_chip,GCR1,YPL075W,YPD,unreviewed,TRUE,none,harbison,chip,none,2024-07-01,2024-07-01T13:56:00.057770-05:00,https://yeastregulatorydb-htcf-data.s3.amazonaws.com/media/promotersetsig/324.csv.gz,324,NA,NA,NA,1
326,chasem,chasem,harbison_chip,RLM1,YPL089C,YPD,unreviewed,TRUE,none,harbison,chip,none,2024-07-01,2024-07-01T13:56:01.558525-05:00,https://yeastregulatorydb-htcf-data.s3.amazonaws.com/media/promotersetsig/326.csv.gz,326,NA,NA,NA,1
328,chasem,chasem,harbison_chip,UME1,YPL139C,YPD,unreviewed,TRUE,none,harbison,chip,none,2024-07-01,2024-07-01T13:56:03.085523-05:00,https://yeastregulatorydb-htcf-data.s3.amazonaws.com/media/promotersetsig/328.csv.gz,328,NA,NA,NA,1
329,chasem,chasem,harbison_chip,CUP9,YPL177C,YPD,unreviewed,TRUE,none,harbison,chip,none,2024-07-01,2024-07-01T13:56:03.978807-05:00,https://yeastregulatorydb-htcf-data.s3.amazonaws.com/media/promotersetsig/329.csv.gz,329,NA,NA,NA,1
332,chasem,chasem,harbison_chip,AFT2,YPL202C,YPD,unreviewed,TRUE,none,harbison,chip,none,2024-07-01,2024-07-01T13:56:06.539212-05:00,https://yeastregulatorydb-htcf-data.s3.amazonaws.com/media/promotersetsig/332.csv.gz,332,NA,NA,NA,1
333,chasem,chasem,harbison_chip,USV1,YPL230W,YPD,unreviewed,TRUE,none,harbison,chip,none,2024-07-01,2024-07-01T13:56:07.243503-05:00,https://yeastregulatorydb-htcf-data.s3.amazonaws.com/media/promotersetsig/333.csv.gz,333,NA,NA,NA,1
336,chasem,chasem,harbison_chip,GAL4,YPL248C,YPD,unreviewed,TRUE,none,harbison,chip,none,2024-07-01,2024-07-01T13:56:09.706341-05:00,https://yeastregulatorydb-htcf-data.s3.amazonaws.com/media/promotersetsig/336.csv.gz,336,NA,NA,NA,1
337,chasem,chasem,harbison_chip,HAA1,YPR008W,YPD,unreviewed,TRUE,none,harbison,chip,none,2024-07-01,2024-07-01T13:56:10.529984-05:00,https://yeastregulatorydb-htcf-data.s3.amazonaws.com/media/promotersetsig/337.csv.gz,337,NA,NA,NA,1
338,chasem,chasem,harbison_chip,SUT2,YPR009W,YPD,unreviewed,TRUE,none,harbison,chip,none,2024-07-01,2024-07-01T13:56:11.695587-05:00,https://yeastregulatorydb-htcf-data.s3.amazonaws.com/media/promotersetsig/338.csv.gz,338,NA,NA,NA,1
339,chasem,chasem,harbison_chip,SDD4,YPR022C,YPD,unreviewed,TRUE,none,harbison,chip,none,2024-07-01,2024-07-01T13:56:12.505722-05:00,https://yeastregulatorydb-htcf-data.s3.amazonaws.com/media/promotersetsig/339.csv.gz,339,NA,NA,NA,1
340,chasem,chasem,harbison_chip,SMK1,YPR054W,YPD,unreviewed,TRUE,none,harbison,chip,none,2024-07-01,2024-07-01T13:56:13.320584-05:00,https://yeastregulatorydb-htcf-data.s3.amazonaws.com/media/promotersetsig/340.csv.gz,340,NA,NA,NA,1
343,chasem,chasem,harbison_chip,ROX1,YPR065W,YPD,unreviewed,TRUE,none,harbison,chip,none,2024-07-01,2024-07-01T13:56:15.551567-05:00,https://yeastregulatorydb-htcf-data.s3.amazonaws.com/media/promotersetsig/343.csv.gz,343,NA,NA,NA,1
347,chasem,chasem,harbison_chip,FHL1,YPR104C,YPD,unreviewed,TRUE,none,harbison,chip,none,2024-07-01,2024-07-01T13:56:18.618658-05:00,https://yeastregulatorydb-htcf-data.s3.amazonaws.com/media/promotersetsig/347.csv.gz,347,NA,NA,NA,1
348,chasem,chasem,harbison_chip,unknown_7076,YPR196W,YPD,unreviewed,TRUE,none,harbison,chip,none,2024-07-01,2024-07-01T13:56:19.237426-05:00,https://yeastregulatorydb-htcf-data.s3.amazonaws.com/media/promotersetsig/348.csv.gz,348,NA,NA,NA,1
350,chasem,chasem,harbison_chip,ARR1,YPR199C,YPD,unreviewed,TRUE,none,harbison,chip,none,2024-07-01,2024-07-01T13:56:20.831055-05:00,https://yeastregulatorydb-htcf-data.s3.amazonaws.com/media/promotersetsig/350.csv.gz,350,NA,NA,NA,1
