id,uploader,modifier,regulator_id,regulator_locus_tag,regulator_symbol,source_name,assay,strain_verified,preferred_replicate,qc_notes,upload_date,modified_date,batch,strain,replicate,control,mechanism,restriction,time,file,notes,regulator,source
3410,chasem,chasem,7142,YER109C,FLO8,mcisaac_oe,overexpression,unverified,True,none,2024-07-01,2024-07-01T13:48:44.892291-05:00,undefined,SMY125,1,undefined,gev,P,15.0,https://yeastregulatorydb-htcf-data.s3.amazonaws.com/media/expression/mcisaac_oe/3410.csv.gz,strain_id:SMY125 ; date:20151006,268,7
3402,chasem,chasem,7079,YPR199C,ARR1,mcisaac_oe,overexpression,unverified,True,none,2024-07-01,2024-07-01T13:48:36.074021-05:00,undefined,yRSM86,1,undefined,gev,P,15.0,https://yeastregulatorydb-htcf-data.s3.amazonaws.com/media/expression/mcisaac_oe/3402.csv.gz,strain_id:yRSM86 ; date:20151026,267,7
3386,chasem,chasem,6960,YPR104C,FHL1,mcisaac_oe,overexpression,unverified,True,none,2024-07-01,2024-07-01T13:48:13.038328-05:00,undefined,SMY2188,1,undefined,zev,P,15.0,https://yeastregulatorydb-htcf-data.s3.amazonaws.com/media/expression/mcisaac_oe/3386.csv.gz,strain_id:SMY2188 ; date:20160524,1509,7
3378,chasem,chasem,6917,YPR065W,ROX1,mcisaac_oe,overexpression,unverified,True,none,2024-07-01,2024-07-01T13:48:04.899343-05:00,undefined,SMY2107,1,undefined,zev,P,15.0,https://yeastregulatorydb-htcf-data.s3.amazonaws.com/media/expression/mcisaac_oe/3378.csv.gz,strain_id:SMY2107 ; date:20160209,264,7
3370,chasem,chasem,6856,YPR009W,SUT2,mcisaac_oe,overexpression,unverified,True,none,2024-07-01,2024-07-01T13:47:56.633035-05:00,undefined,SMY2168,1,undefined,zev,P,15.0,https://yeastregulatorydb-htcf-data.s3.amazonaws.com/media/expression/mcisaac_oe/3370.csv.gz,strain_id:SMY2168 ; date:20160606,260,7
3363,chasem,chasem,6855,YPR008W,HAA1,mcisaac_oe,overexpression,unverified,True,none,2024-07-01,2024-07-01T13:47:48.643549-05:00,undefined,SMY2153,1,undefined,zev,P,15.0,https://yeastregulatorydb-htcf-data.s3.amazonaws.com/media/expression/mcisaac_oe/3363.csv.gz,strain_id:SMY2153 ; date:20160504,259,7
3355,chasem,chasem,6829,YPL016W,SWI1,mcisaac_oe,overexpression,unverified,True,none,2024-07-01,2024-07-01T13:47:40.711045-05:00,undefined,SMY2266c,1,undefined,zev,P,15.0,https://yeastregulatorydb-htcf-data.s3.amazonaws.com/media/expression/mcisaac_oe/3355.csv.gz,strain_id:SMY2266c ; date:20161117,1508,7
3331,chasem,chasem,6807,YPL038W,MET31,mcisaac_oe,overexpression,unverified,True,none,2024-07-01,2024-07-01T13:47:16.132755-05:00,undefined,SMY40,1,undefined,gev,M,15.0,https://yeastregulatorydb-htcf-data.s3.amazonaws.com/media/expression/mcisaac_oe/3331.csv.gz,strain_id:SMY40 ; date:20150101,257,7
3323,chasem,chasem,6796,YPL048W,CAM1,mcisaac_oe,overexpression,unverified,True,none,2024-07-01,2024-07-01T13:47:08.552361-05:00,undefined,SMY2182,1,undefined,zev,P,15.0,https://yeastregulatorydb-htcf-data.s3.amazonaws.com/media/expression/mcisaac_oe/3323.csv.gz,strain_id:SMY2182 ; date:20160628,1507,7
3315,chasem,chasem,6795,YPL049C,DIG1,mcisaac_oe,overexpression,unverified,True,none,2024-07-01,2024-07-01T13:47:01.177581-05:00,undefined,SMY2170,1,undefined,zev,P,15.0,https://yeastregulatorydb-htcf-data.s3.amazonaws.com/media/expression/mcisaac_oe/3315.csv.gz,strain_id:SMY2170 ; date:20160504,255,7
3307,chasem,chasem,6767,YPL075W,GCR1,mcisaac_oe,overexpression,unverified,True,none,2024-07-01,2024-07-01T13:46:53.320406-05:00,undefined,SMY2069,1,undefined,zev,P,15.0,https://yeastregulatorydb-htcf-data.s3.amazonaws.com/media/expression/mcisaac_oe/3307.csv.gz,strain_id:SMY2069 ; date:20161117,254,7
3299,chasem,chasem,6753,YPL089C,RLM1,mcisaac_oe,overexpression,unverified,True,none,2024-07-01,2024-07-01T13:46:45.719680-05:00,undefined,SMY2105,1,undefined,zev,P,15.0,https://yeastregulatorydb-htcf-data.s3.amazonaws.com/media/expression/mcisaac_oe/3299.csv.gz,strain_id:SMY2105 ; date:20151210,253,7
3291,chasem,chasem,6706,YPL133C,RDS2,mcisaac_oe,overexpression,unverified,True,none,2024-07-01,2024-07-01T13:46:38.069657-05:00,undefined,SMY2207,2,undefined,zev,P,15.0,https://yeastregulatorydb-htcf-data.s3.amazonaws.com/media/expression/mcisaac_oe/3291.csv.gz,strain_id:SMY2207 ; date:20160823,251,7
3275,chasem,chasem,6699,YPL139C,UME1,mcisaac_oe,overexpression,unverified,True,none,2024-07-01,2024-07-01T13:46:23.497626-05:00,undefined,SMY2234,1,undefined,zev,P,15.0,https://yeastregulatorydb-htcf-data.s3.amazonaws.com/media/expression/mcisaac_oe/3275.csv.gz,strain_id:SMY2234 ; date:20161006,250,7
3267,chasem,chasem,6659,YPL177C,CUP9,mcisaac_oe,overexpression,unverified,True,none,2024-07-01,2024-07-01T13:46:16.770974-05:00,undefined,SMY2169,1,undefined,zev,P,15.0,https://yeastregulatorydb-htcf-data.s3.amazonaws.com/media/expression/mcisaac_oe/3267.csv.gz,strain_id:SMY2169 ; date:20160606,249,7
3259,chasem,chasem,6654,YPL181W,CTI6,mcisaac_oe,overexpression,unverified,True,none,2024-07-01,2024-07-01T13:46:10.721344-05:00,undefined,SMY2184,1,undefined,zev,P,15.0,https://yeastregulatorydb-htcf-data.s3.amazonaws.com/media/expression/mcisaac_oe/3259.csv.gz,strain_id:SMY2184 ; date:20160628,1408,7
3251,chasem,chasem,6630,YPL202C,AFT2,mcisaac_oe,overexpression,unverified,True,none,2024-07-01,2024-07-01T13:46:03.856269-05:00,undefined,SMY2052,1,undefined,zev,P,15.0,https://yeastregulatorydb-htcf-data.s3.amazonaws.com/media/expression/mcisaac_oe/3251.csv.gz,strain_id:SMY2052 ; date:20160921,248,7
3243,chasem,chasem,6601,YPL230W,USV1,mcisaac_oe,overexpression,unverified,True,none,2024-07-01,2024-07-01T13:45:57.505683-05:00,undefined,yRSM204,1,undefined,gev,P,15.0,https://yeastregulatorydb-htcf-data.s3.amazonaws.com/media/expression/mcisaac_oe/3243.csv.gz,strain_id:yRSM204 ; date:20151026,247,7
3235,chasem,chasem,6583,YPL248C,GAL4,mcisaac_oe,overexpression,unverified,True,none,2024-07-01,2024-07-01T13:45:51.469849-05:00,undefined,SMY2067,1,undefined,zev,P,15.0,https://yeastregulatorydb-htcf-data.s3.amazonaws.com/media/expression/mcisaac_oe/3235.csv.gz,strain_id:SMY2067 ; date:20160321,246,7
3227,chasem,chasem,6574,YPL254W,HFI1,mcisaac_oe,overexpression,unverified,True,none,2024-07-01,2024-07-01T13:45:44.693857-05:00,undefined,SMY2192,1,undefined,zev,P,15.0,https://yeastregulatorydb-htcf-data.s3.amazonaws.com/media/expression/mcisaac_oe/3227.csv.gz,strain_id:SMY2192 ; date:20160823,245,7
3219,chasem,chasem,6521,YOR380W,RDR1,mcisaac_oe,overexpression,unverified,True,none,2024-07-01,2024-07-01T13:45:37.675485-05:00,undefined,SMY2206,1,undefined,zev,P,15.0,https://yeastregulatorydb-htcf-data.s3.amazonaws.com/media/expression/mcisaac_oe/3219.csv.gz,strain_id:SMY2206 ; date:20161006,244,7
3212,chasem,chasem,6503,YOR363C,PIP2,mcisaac_oe,overexpression,unverified,True,none,2024-07-01,2024-07-01T13:45:31.547898-05:00,undefined,SMY2100,1,undefined,zev,P,15.0,https://yeastregulatorydb-htcf-data.s3.amazonaws.com/media/expression/mcisaac_oe/3212.csv.gz,strain_id:SMY2100 ; date:20160921,243,7
3204,chasem,chasem,6498,YOR358W,HAP5,mcisaac_oe,overexpression,unverified,True,none,2024-07-01,2024-07-01T13:45:24.977648-05:00,undefined,SMY2076,1,undefined,zev,P,15.0,https://yeastregulatorydb-htcf-data.s3.amazonaws.com/media/expression/mcisaac_oe/3204.csv.gz,strain_id:SMY2076 ; date:20160321,242,7
3196,chasem,chasem,6483,YOR344C,TYE7,mcisaac_oe,overexpression,unverified,True,none,2024-07-01,2024-07-01T13:45:18.780679-05:00,undefined,SMY2232,1,undefined,zev,P,15.0,https://yeastregulatorydb-htcf-data.s3.amazonaws.com/media/expression/mcisaac_oe/3196.csv.gz,strain_id:SMY2232 ; date:20161006,241,7
3188,chasem,chasem,6473,YOR337W,TEA1,mcisaac_oe,overexpression,unverified,True,none,2024-07-01,2024-07-01T13:45:13.049292-05:00,undefined,SMY2124,1,undefined,zev,P,15.0,https://yeastregulatorydb-htcf-data.s3.amazonaws.com/media/expression/mcisaac_oe/3188.csv.gz,strain_id:SMY2124 ; date:20160504,1375,7
3180,chasem,chasem,6425,YOR295W,UAF30,mcisaac_oe,overexpression,unverified,True,none,2024-07-01,2024-07-01T13:45:06.793524-05:00,undefined,SMY2233,1,undefined,zev,P,15.0,https://yeastregulatorydb-htcf-data.s3.amazonaws.com/media/expression/mcisaac_oe/3180.csv.gz,strain_id:SMY2233 ; date:20161006,1371,7
3172,chasem,chasem,6419,YOR290C,SNF2,mcisaac_oe,overexpression,unverified,True,none,2024-07-01,2024-07-01T13:44:59.862684-05:00,undefined,SMY2216,1,undefined,zev,P,15.0,https://yeastregulatorydb-htcf-data.s3.amazonaws.com/media/expression/mcisaac_oe/3172.csv.gz,strain_id:SMY2216 ; date:20161101,238,7
3164,chasem,chasem,6354,YOR230W,WTM1,mcisaac_oe,overexpression,unverified,True,none,2024-07-01,2024-07-01T13:44:53.320746-05:00,undefined,SMY2238,1,undefined,zev,P,15.0,https://yeastregulatorydb-htcf-data.s3.amazonaws.com/media/expression/mcisaac_oe/3164.csv.gz,strain_id:SMY2238 ; date:20161117,237,7
3156,chasem,chasem,6353,YOR229W,WTM2,mcisaac_oe,overexpression,unverified,True,none,2024-07-01,2024-07-01T13:44:47.279462-05:00,undefined,SMY2239,1,undefined,zev,P,15.0,https://yeastregulatorydb-htcf-data.s3.amazonaws.com/media/expression/mcisaac_oe/3156.csv.gz,strain_id:SMY2239 ; date:20161117,236,7
3148,chasem,chasem,6288,YOR172W,YRM1,mcisaac_oe,overexpression,unverified,True,none,2024-07-01,2024-07-01T13:44:40.956748-05:00,undefined,SMY2244,1,undefined,zev,P,15.0,https://yeastregulatorydb-htcf-data.s3.amazonaws.com/media/expression/mcisaac_oe/3148.csv.gz,strain_id:SMY2244 ; date:20161117,1352,7
3141,chasem,chasem,6278,YOR162C,YRR1,mcisaac_oe,overexpression,unverified,True,none,2024-07-01,2024-07-01T13:44:35.865533-05:00,undefined,SMY2132,1,undefined,zev,P,15.0,https://yeastregulatorydb-htcf-data.s3.amazonaws.com/media/expression/mcisaac_oe/3141.csv.gz,strain_id:SMY2132 ; date:20160421,233,7
3133,chasem,chasem,6250,YOR140W,SFL1,mcisaac_oe,overexpression,unverified,True,none,2024-07-01,2024-07-01T13:44:29.860259-05:00,undefined,SMY2112,1,undefined,zev,P,15.0,https://yeastregulatorydb-htcf-data.s3.amazonaws.com/media/expression/mcisaac_oe/3133.csv.gz,strain_id:SMY2112 ; date:20160421,232,7
3125,chasem,chasem,6232,YOR123C,LEO1,mcisaac_oe,overexpression,unverified,True,none,2024-07-01,2024-07-01T13:44:23.897419-05:00,undefined,SMY2197,1,undefined,zev,P,15.0,https://yeastregulatorydb-htcf-data.s3.amazonaws.com/media/expression/mcisaac_oe/3125.csv.gz,strain_id:SMY2197 ; date:20161006,1344,7
3117,chasem,chasem,6222,YOR113W,AZF1,mcisaac_oe,overexpression,unverified,True,none,2024-07-01,2024-07-01T13:44:17.771303-05:00,undefined,SMY2057,1,undefined,zev,P,15.0,https://yeastregulatorydb-htcf-data.s3.amazonaws.com/media/expression/mcisaac_oe/3117.csv.gz,strain_id:SMY2057 ; date:20160303,231,7
3109,chasem,chasem,6191,YOR083W,WHI5,mcisaac_oe,overexpression,unverified,True,none,2024-07-01,2024-07-01T13:44:11.715814-05:00,undefined,SMY2237,1,undefined,zev,P,15.0,https://yeastregulatorydb-htcf-data.s3.amazonaws.com/media/expression/mcisaac_oe/3109.csv.gz,strain_id:SMY2237 ; date:20161103,1506,7
3101,chasem,chasem,6139,YOR038C,HIR2,mcisaac_oe,overexpression,unverified,True,none,2024-07-01,2024-07-01T13:44:05.570237-05:00,undefined,SMY2154,1,undefined,zev,P,15.0,https://yeastregulatorydb-htcf-data.s3.amazonaws.com/media/expression/mcisaac_oe/3101.csv.gz,strain_id:SMY2154 ; date:20160524,230,7
3093,chasem,chasem,6131,YOR032C,HMS1,mcisaac_oe,overexpression,unverified,True,none,2024-07-01,2024-07-01T13:43:58.929051-05:00,undefined,SMY2195,1,undefined,zev,P,15.0,https://yeastregulatorydb-htcf-data.s3.amazonaws.com/media/expression/mcisaac_oe/3093.csv.gz,strain_id:SMY2195 ; date:20160801,229,7
3085,chasem,chasem,6128,YOR028C,CIN5,mcisaac_oe,overexpression,unverified,True,none,2024-07-01,2024-07-01T13:43:52.239485-05:00,undefined,SMY2062,1,undefined,zev,P,15.0,https://yeastregulatorydb-htcf-data.s3.amazonaws.com/media/expression/mcisaac_oe/3085.csv.gz,strain_id:SMY2062 ; date:20160303,228,7
3077,chasem,chasem,6091,YOL004W,SIN3,mcisaac_oe,overexpression,unverified,True,none,2024-07-01,2024-07-01T13:43:46.113116-05:00,undefined,SMY2214,1,undefined,zev,P,15.0,https://yeastregulatorydb-htcf-data.s3.amazonaws.com/media/expression/mcisaac_oe/3077.csv.gz,strain_id:SMY2214 ; date:20161101,226,7
3069,chasem,chasem,6035,YOL051W,GAL11,mcisaac_oe,overexpression,unverified,True,none,2024-07-01,2024-07-01T13:43:39.822660-05:00,undefined,SMY2147,1,undefined,zev,P,15.0,https://yeastregulatorydb-htcf-data.s3.amazonaws.com/media/expression/mcisaac_oe/3069.csv.gz,strain_id:SMY2147 ; date:20160524,224,7
3061,chasem,chasem,6015,YOL067C,RTG1,mcisaac_oe,overexpression,unverified,True,none,2024-07-01,2024-07-01T13:43:33.411216-05:00,undefined,SMY2110,1,undefined,zev,P,15.0,https://yeastregulatorydb-htcf-data.s3.amazonaws.com/media/expression/mcisaac_oe/3061.csv.gz,strain_id:SMY2110 ; date:20161103,223,7
3054,chasem,chasem,5966,YOL108C,INO4,mcisaac_oe,overexpression,unverified,True,none,2024-07-01,2024-07-01T13:43:28.304208-05:00,undefined,SMY141,1,undefined,gev,P,15.0,https://yeastregulatorydb-htcf-data.s3.amazonaws.com/media/expression/mcisaac_oe/3054.csv.gz,strain_id:SMY141 ; date:20151006,220,7
3046,chasem,chasem,5928,YOL145C,CTR9,mcisaac_oe,overexpression,unverified,True,none,2024-07-01,2024-07-01T13:43:22.216981-05:00,undefined,SMY2185,1,undefined,zev,P,15.0,https://yeastregulatorydb-htcf-data.s3.amazonaws.com/media/expression/mcisaac_oe/3046.csv.gz,strain_id:SMY2185 ; date:20160628,1290,7
3038,chasem,chasem,5925,YOL148C,SPT20,mcisaac_oe,overexpression,unverified,True,none,2024-07-01,2024-07-01T13:43:16.827460-05:00,undefined,SMY2264,1,undefined,zev,P,15.0,https://yeastregulatorydb-htcf-data.s3.amazonaws.com/media/expression/mcisaac_oe/3038.csv.gz,strain_id:SMY2264 ; date:20161117,218,7
3030,chasem,chasem,5830,YNR010W,CSE2,mcisaac_oe,overexpression,unverified,True,none,2024-07-01,2024-07-01T13:43:11.186639-05:00,undefined,SMY2143,1,undefined,zev,P,15.0,https://yeastregulatorydb-htcf-data.s3.amazonaws.com/media/expression/mcisaac_oe/3030.csv.gz,strain_id:SMY2143 ; date:20160504,215,7
3022,chasem,chasem,5829,YNR009W,NRM1,mcisaac_oe,overexpression,unverified,True,none,2024-07-01,2024-07-01T13:43:05.141506-05:00,undefined,SMY2203,1,undefined,zev,P,15.0,https://yeastregulatorydb-htcf-data.s3.amazonaws.com/media/expression/mcisaac_oe/3022.csv.gz,strain_id:SMY2203 ; date:20160801,1278,7
3014,chasem,chasem,5793,YNL023C,FAP1,mcisaac_oe,overexpression,unverified,True,none,2024-07-01,2024-07-01T13:42:59.182599-05:00,undefined,SMY2187,1,undefined,zev,P,15.0,https://yeastregulatorydb-htcf-data.s3.amazonaws.com/media/expression/mcisaac_oe/3014.csv.gz,strain_id:SMY2187 ; date:20160628,1268,7
3006,chasem,chasem,5786,YNL027W,CRZ1,mcisaac_oe,overexpression,unverified,True,none,2024-07-01,2024-07-01T13:42:53.095160-05:00,undefined,SMY104,1,undefined,gev,P,15.0,https://yeastregulatorydb-htcf-data.s3.amazonaws.com/media/expression/mcisaac_oe/3006.csv.gz,strain_id:SMY104 ; date:20150101,213,7
2998,chasem,chasem,5736,YNL068C,FKH2,mcisaac_oe,overexpression,unverified,True,none,2024-07-01,2024-07-01T13:42:47.097259-05:00,undefined,SMY128,1,undefined,gev,P,15.0,https://yeastregulatorydb-htcf-data.s3.amazonaws.com/media/expression/mcisaac_oe/2998.csv.gz,strain_id:SMY128 ; date:20150101,212,7
2990,chasem,chasem,5698,YNL103W,MET4,mcisaac_oe,overexpression,unverified,True,none,2024-07-01,2024-07-01T13:42:41.261071-05:00,undefined,SMY44,1,undefined,gev,M,15.0,https://yeastregulatorydb-htcf-data.s3.amazonaws.com/media/expression/mcisaac_oe/2990.csv.gz,strain_id:SMY44 ; date:20150101,1505,7
2975,chasem,chasem,5627,YNL167C,SKO1,mcisaac_oe,overexpression,unverified,True,none,2024-07-01,2024-07-01T13:42:26.352042-05:00,undefined,SMY2115,1,undefined,zev,P,15.0,https://yeastregulatorydb-htcf-data.s3.amazonaws.com/media/expression/mcisaac_oe/2975.csv.gz,strain_id:SMY2115 ; date:20160421,209,7
2967,chasem,chasem,5595,YNL199C,GCR2,mcisaac_oe,overexpression,unverified,True,none,2024-07-01,2024-07-01T13:42:20.305075-05:00,undefined,SMY2171,1,undefined,zev,P,15.0,https://yeastregulatorydb-htcf-data.s3.amazonaws.com/media/expression/mcisaac_oe/2967.csv.gz,strain_id:SMY2171 ; date:20160606,208,7
2959,chasem,chasem,5564,YNL229C,URE2,mcisaac_oe,overexpression,unverified,True,none,2024-07-01,2024-07-01T13:42:14.458739-05:00,undefined,SMY2235,1,undefined,zev,P,15.0,https://yeastregulatorydb-htcf-data.s3.amazonaws.com/media/expression/mcisaac_oe/2959.csv.gz,strain_id:SMY2235 ; date:20161006,1227,7
2951,chasem,chasem,5557,YNL236W,SIN4,mcisaac_oe,overexpression,unverified,True,none,2024-07-01,2024-07-01T13:42:08.301008-05:00,undefined,SMY2165,1,undefined,zev,P,15.0,https://yeastregulatorydb-htcf-data.s3.amazonaws.com/media/expression/mcisaac_oe/2951.csv.gz,strain_id:SMY2165 ; date:20160606,205,7
2943,chasem,chasem,5536,YNL257C,SIP3,mcisaac_oe,overexpression,unverified,True,none,2024-07-01,2024-07-01T13:42:02.550516-05:00,undefined,SMY2215,1,undefined,zev,P,15.0,https://yeastregulatorydb-htcf-data.s3.amazonaws.com/media/expression/mcisaac_oe/2943.csv.gz,strain_id:SMY2215 ; date:20161101,204,7
2935,chasem,chasem,5477,YNL309W,STB1,mcisaac_oe,overexpression,unverified,True,none,2024-07-01,2024-07-01T13:41:56.511165-05:00,undefined,SMY2224,1,undefined,zev,P,15.0,https://yeastregulatorydb-htcf-data.s3.amazonaws.com/media/expression/mcisaac_oe/2935.csv.gz,strain_id:SMY2224 ; date:20161101,203,7
2928,chasem,chasem,5472,YNL314W,DAL82,mcisaac_oe,overexpression,unverified,True,none,2024-07-01,2024-07-01T13:41:51.213097-05:00,undefined,SMY124,1,undefined,gev,P,15.0,https://yeastregulatorydb-htcf-data.s3.amazonaws.com/media/expression/mcisaac_oe/2928.csv.gz,strain_id:SMY124 ; date:20150101,202,7
2921,chasem,chasem,5456,YNL330C,RPD3,mcisaac_oe,overexpression,unverified,True,none,2024-07-01,2024-07-01T13:41:46.195704-05:00,undefined,SMY2163,1,undefined,zev,P,15.0,https://yeastregulatorydb-htcf-data.s3.amazonaws.com/media/expression/mcisaac_oe/2921.csv.gz,strain_id:SMY2163 ; date:20160524,201,7
2913,chasem,chasem,5389,YMR280C,CAT8,mcisaac_oe,overexpression,unverified,True,none,2024-07-01,2024-07-01T13:41:40.263847-05:00,undefined,SMY2060,1,undefined,zev,P,15.0,https://yeastregulatorydb-htcf-data.s3.amazonaws.com/media/expression/mcisaac_oe/2913.csv.gz,strain_id:SMY2060 ; date:20160921,200,7
2905,chasem,chasem,5328,YMR228W,MTF1,mcisaac_oe,overexpression,unverified,True,none,2024-07-01,2024-07-01T13:41:34.180472-05:00,undefined,SMY2202,1,undefined,zev,P,15.0,https://yeastregulatorydb-htcf-data.s3.amazonaws.com/media/expression/mcisaac_oe/2905.csv.gz,strain_id:SMY2202 ; date:20160801,1504,7
2897,chasem,chasem,5275,YMR182C,RGM1,mcisaac_oe,overexpression,unverified,True,none,2024-07-01,2024-07-01T13:41:28.267192-05:00,undefined,SMY2208,1,undefined,zev,P,15.0,https://yeastregulatorydb-htcf-data.s3.amazonaws.com/media/expression/mcisaac_oe/2897.csv.gz,strain_id:SMY2208 ; date:20160823,198,7
2889,chasem,chasem,5262,YMR172W,HOT1,mcisaac_oe,overexpression,unverified,True,none,2024-07-01,2024-07-01T13:41:22.516483-05:00,undefined,SMY2156,1,undefined,zev,P,15.0,https://yeastregulatorydb-htcf-data.s3.amazonaws.com/media/expression/mcisaac_oe/2889.csv.gz,strain_id:SMY2156 ; date:20160421,1163,7
2881,chasem,chasem,5254,YMR164C,MSS11,mcisaac_oe,overexpression,unverified,True,none,2024-07-01,2024-07-01T13:41:16.702519-05:00,undefined,SMY2092,1,undefined,zev,P,15.0,https://yeastregulatorydb-htcf-data.s3.amazonaws.com/media/expression/mcisaac_oe/2881.csv.gz,strain_id:SMY2092 ; date:20160921,197,7
2873,chasem,chasem,5220,YMR136W,GAT2,mcisaac_oe,overexpression,unverified,True,none,2024-07-01,2024-07-01T13:41:10.452521-05:00,undefined,SMY2189,1,undefined,zev,P,15.0,https://yeastregulatorydb-htcf-data.s3.amazonaws.com/media/expression/mcisaac_oe/2873.csv.gz,strain_id:SMY2189 ; date:20160801,1153,7
2865,chasem,chasem,5143,YMR070W,MOT3,mcisaac_oe,overexpression,unverified,True,none,2024-07-01,2024-07-01T13:41:04.521069-05:00,undefined,SMY153,1,undefined,gev,P,15.0,https://yeastregulatorydb-htcf-data.s3.amazonaws.com/media/expression/mcisaac_oe/2865.csv.gz,strain_id:SMY153 ; date:20151210,195,7
2857,chasem,chasem,5110,YMR042W,ARG80,mcisaac_oe,overexpression,unverified,True,none,2024-07-01,2024-07-01T13:40:58.374878-05:00,undefined,yRSM92,1,undefined,gev,P,15.0,https://yeastregulatorydb-htcf-data.s3.amazonaws.com/media/expression/mcisaac_oe/2857.csv.gz,strain_id:yRSM92 ; date:20151026,192,7
2849,chasem,chasem,5106,YMR039C,SUB1,mcisaac_oe,overexpression,unverified,True,none,2024-07-01,2024-07-01T13:40:52.069104-05:00,undefined,SMY2225,1,undefined,zev,P,15.0,https://yeastregulatorydb-htcf-data.s3.amazonaws.com/media/expression/mcisaac_oe/2849.csv.gz,strain_id:SMY2225 ; date:20161101,1132,7
2840,chasem,chasem,5104,YMR037C,MSN2,mcisaac_oe,overexpression,unverified,True,none,2024-07-01,2024-07-01T13:40:45.113374-05:00,undefined,SMY26,1,undefined,gev,P,15.0,https://yeastregulatorydb-htcf-data.s3.amazonaws.com/media/expression/mcisaac_oe/2840.csv.gz,strain_id:SMY26 ; date:20150101,191,7
2830,chasem,chasem,5085,YMR021C,MAC1,mcisaac_oe,overexpression,unverified,True,none,2024-07-01,2024-07-01T13:40:36.839533-05:00,undefined,yRSM170,1,undefined,gev,P,15.0,https://yeastregulatorydb-htcf-data.s3.amazonaws.com/media/expression/mcisaac_oe/2830.csv.gz,strain_id:yRSM170 ; date:20151026,190,7
2816,chasem,chasem,5080,YMR016C,SOK2,mcisaac_oe,overexpression,unverified,True,none,2024-07-01,2024-07-01T13:40:25.525724-05:00,undefined,SMY2263,1,undefined,zev,P,15.0,https://yeastregulatorydb-htcf-data.s3.amazonaws.com/media/expression/mcisaac_oe/2816.csv.gz,strain_id:SMY2263 ; date:20161103,188,7
2808,chasem,chasem,5045,YML007W,YAP1,mcisaac_oe,overexpression,unverified,True,none,2024-07-01,2024-07-01T13:40:19.261169-05:00,undefined,SMY196,1,undefined,gev,P,15.0,https://yeastregulatorydb-htcf-data.s3.amazonaws.com/media/expression/mcisaac_oe/2808.csv.gz,strain_id:SMY196 ; date:20151210,187,7
2800,chasem,chasem,5021,YML027W,YOX1,mcisaac_oe,overexpression,unverified,True,none,2024-07-01,2024-07-01T13:40:13.241202-05:00,undefined,SMY2243,1,undefined,zev,P,15.0,https://yeastregulatorydb-htcf-data.s3.amazonaws.com/media/expression/mcisaac_oe/2800.csv.gz,strain_id:SMY2243 ; date:20161117,186,7
2792,chasem,chasem,4993,YML051W,GAL80,mcisaac_oe,overexpression,unverified,True,none,2024-07-01,2024-07-01T13:40:07.063654-05:00,undefined,SMY2148,1,undefined,zev,P,15.0,https://yeastregulatorydb-htcf-data.s3.amazonaws.com/media/expression/mcisaac_oe/2792.csv.gz,strain_id:SMY2148 ; date:20160504,185,7
2784,chasem,chasem,4962,YML076C,WAR1,mcisaac_oe,overexpression,unverified,True,none,2024-07-01,2024-07-01T13:40:00.904616-05:00,undefined,SMY113,1,undefined,gev,P,15.0,https://yeastregulatorydb-htcf-data.s3.amazonaws.com/media/expression/mcisaac_oe/2784.csv.gz,strain_id:SMY113 ; date:20151006,184,7
2776,chasem,chasem,4936,YML099C,ARG81,mcisaac_oe,overexpression,unverified,True,none,2024-07-01,2024-07-01T13:39:54.851288-05:00,undefined,yRSM84,1,undefined,gev,P,15.0,https://yeastregulatorydb-htcf-data.s3.amazonaws.com/media/expression/mcisaac_oe/2776.csv.gz,strain_id:yRSM84 ; date:20151026,182,7
2768,chasem,chasem,4873,YLR451W,LEU3,mcisaac_oe,overexpression,unverified,True,none,2024-07-01,2024-07-01T13:39:48.768831-05:00,undefined,SMY2082,1,undefined,zev,P,15.0,https://yeastregulatorydb-htcf-data.s3.amazonaws.com/media/expression/mcisaac_oe/2768.csv.gz,strain_id:SMY2082 ; date:20160209,178,7
2760,chasem,chasem,4836,YLR418C,CDC73,mcisaac_oe,overexpression,unverified,True,none,2024-07-01,2024-07-01T13:39:42.825999-05:00,undefined,SMY2141,1,undefined,zev,P,15.0,https://yeastregulatorydb-htcf-data.s3.amazonaws.com/media/expression/mcisaac_oe/2760.csv.gz,strain_id:SMY2141 ; date:20160504,176,7
2752,chasem,chasem,4817,YLR403W,SFP1,mcisaac_oe,overexpression,unverified,True,none,2024-07-01,2024-07-01T13:39:35.868752-05:00,undefined,SMY2213,1,undefined,zev,P,15.0,https://yeastregulatorydb-htcf-data.s3.amazonaws.com/media/expression/mcisaac_oe/2752.csv.gz,strain_id:SMY2213 ; date:20160823,175,7
2744,chasem,chasem,4654,YLR266C,PDR8,mcisaac_oe,overexpression,unverified,True,none,2024-07-01,2024-07-01T13:39:28.814855-05:00,undefined,SMY159,1,undefined,gev,P,15.0,https://yeastregulatorydb-htcf-data.s3.amazonaws.com/media/expression/mcisaac_oe/2744.csv.gz,strain_id:SMY159 ; date:20151210,172,7
2737,chasem,chasem,4640,YLR256W,HAP1,mcisaac_oe,overexpression,unverified,True,none,2024-07-01,2024-07-01T13:39:23.271997-05:00,undefined,SMY57,1,undefined,gev,P,15.0,https://yeastregulatorydb-htcf-data.s3.amazonaws.com/media/expression/mcisaac_oe/2737.csv.gz,strain_id:SMY57 ; date:20150616,1032,7
2731,chasem,chasem,4610,YLR228C,ECM22,mcisaac_oe,overexpression,unverified,True,none,2024-07-01,2024-07-01T13:39:18.239490-05:00,undefined,SMY59,1,undefined,gev,P,15.0,https://yeastregulatorydb-htcf-data.s3.amazonaws.com/media/expression/mcisaac_oe/2731.csv.gz,strain_id:SMY59 ; date:20150101,171,7
2724,chasem,chasem,4560,YLR182W,SWI6,mcisaac_oe,overexpression,unverified,True,none,2024-07-01,2024-07-01T13:39:12.259123-05:00,undefined,SMY2226,1,undefined,zev,P,15.0,https://yeastregulatorydb-htcf-data.s3.amazonaws.com/media/expression/mcisaac_oe/2724.csv.gz,strain_id:SMY2226 ; date:20161006,170,7
2716,chasem,chasem,4554,YLR176C,RFX1,mcisaac_oe,overexpression,unverified,True,none,2024-07-01,2024-07-01T13:39:06.723268-05:00,undefined,SMY2103,1,undefined,zev,P,15.0,https://yeastregulatorydb-htcf-data.s3.amazonaws.com/media/expression/mcisaac_oe/2716.csv.gz,strain_id:SMY2103 ; date:20151210,169,7
2708,chasem,chasem,4467,YLR131C,ACE2,mcisaac_oe,overexpression,unverified,True,none,2024-07-01,2024-07-01T13:39:00.933059-05:00,undefined,SMY64,1,undefined,gev,P,15.0,https://yeastregulatorydb-htcf-data.s3.amazonaws.com/media/expression/mcisaac_oe/2708.csv.gz,strain_id:SMY64 ; date:20151216,167,7
2700,chasem,chasem,4429,YLR098C,CHA4,mcisaac_oe,overexpression,unverified,True,none,2024-07-01,2024-07-01T13:38:54.757245-05:00,undefined,SMY2061,1,undefined,zev,P,15.0,https://yeastregulatorydb-htcf-data.s3.amazonaws.com/media/expression/mcisaac_oe/2700.csv.gz,strain_id:SMY2061 ; date:20160921,165,7
2692,chasem,chasem,4402,YLR071C,RGR1,mcisaac_oe,overexpression,unverified,True,none,2024-07-01,2024-07-01T13:38:48.140302-05:00,undefined,SMY2209,1,undefined,zev,P,15.0,https://yeastregulatorydb-htcf-data.s3.amazonaws.com/media/expression/mcisaac_oe/2692.csv.gz,strain_id:SMY2209 ; date:20160823,1503,7
2684,chasem,chasem,4386,YLR055C,SPT8,mcisaac_oe,overexpression,unverified,True,none,2024-07-01,2024-07-01T13:38:41.672079-05:00,undefined,SMY2220,1,undefined,zev,P,15.0,https://yeastregulatorydb-htcf-data.s3.amazonaws.com/media/expression/mcisaac_oe/2684.csv.gz,strain_id:SMY2220 ; date:20161101,993,7
2676,chasem,chasem,4342,YLR014C,PPR1,mcisaac_oe,overexpression,unverified,True,none,2024-07-01,2024-07-01T13:38:35.322609-05:00,undefined,SMY2101,1,undefined,zev,P,15.0,https://yeastregulatorydb-htcf-data.s3.amazonaws.com/media/expression/mcisaac_oe/2676.csv.gz,strain_id:SMY2101 ; date:20160421,163,7
2668,chasem,chasem,4341,YLR013W,GAT3,mcisaac_oe,overexpression,unverified,True,none,2024-07-01,2024-07-01T13:38:28.960360-05:00,undefined,SMY2149,1,undefined,zev,P,15.0,https://yeastregulatorydb-htcf-data.s3.amazonaws.com/media/expression/mcisaac_oe/2668.csv.gz,strain_id:SMY2149 ; date:20160504,162,7
2660,chasem,chasem,4339,YLR011W,LOT6,mcisaac_oe,overexpression,unverified,True,none,2024-07-01,2024-07-01T13:38:22.720853-05:00,undefined,SMY2157,1,undefined,zev,P,15.0,https://yeastregulatorydb-htcf-data.s3.amazonaws.com/media/expression/mcisaac_oe/2660.csv.gz,strain_id:SMY2157 ; date:20160524,1502,7
2652,chasem,chasem,4270,YLL054C,unknown_4270,mcisaac_oe,overexpression,unverified,True,none,2024-07-01,2024-07-01T13:38:16.319848-05:00,undefined,SMY2242,1,undefined,zev,P,15.0,https://yeastregulatorydb-htcf-data.s3.amazonaws.com/media/expression/mcisaac_oe/2652.csv.gz,strain_id:SMY2242 ; date:20161117,966,7
2638,chasem,chasem,4208,YKR064W,OAF3,mcisaac_oe,overexpression,unverified,True,none,2024-07-01,2024-07-01T13:38:05.751116-05:00,undefined,SMY2161,1,undefined,zev,P,15.0,https://yeastregulatorydb-htcf-data.s3.amazonaws.com/media/expression/mcisaac_oe/2638.csv.gz,strain_id:SMY2161 ; date:20160524,159,7
2625,chasem,chasem,4174,YKR034W,DAL80,mcisaac_oe,overexpression,unverified,True,none,2024-07-01,2024-07-01T13:37:55.415862-05:00,undefined,SMY108,1,undefined,gev,P,15.0,https://yeastregulatorydb-htcf-data.s3.amazonaws.com/media/expression/mcisaac_oe/2625.csv.gz,strain_id:SMY108 ; date:20150101,157,7
2618,chasem,chasem,4095,YKL038W,RGT1,mcisaac_oe,overexpression,unverified,True,none,2024-07-01,2024-07-01T13:37:45.073180-05:00,undefined,SMY2104,1,undefined,zev,P,15.0,https://yeastregulatorydb-htcf-data.s3.amazonaws.com/media/expression/mcisaac_oe/2618.csv.gz,strain_id:SMY2104 ; date:20161103,152,7
2610,chasem,chasem,4089,YKL043W,PHD1,mcisaac_oe,overexpression,unverified,True,none,2024-07-01,2024-07-01T13:37:38.696786-05:00,undefined,SMY2174,1,undefined,zev,P,15.0,https://yeastregulatorydb-htcf-data.s3.amazonaws.com/media/expression/mcisaac_oe/2610.csv.gz,strain_id:SMY2174 ; date:20160628,151,7
2601,chasem,chasem,4069,YKL062W,MSN4,mcisaac_oe,overexpression,unverified,True,none,2024-07-01,2024-07-01T13:37:31.420922-05:00,undefined,SMY27,1,undefined,gev,P,15.0,https://yeastregulatorydb-htcf-data.s3.amazonaws.com/media/expression/mcisaac_oe/2601.csv.gz,strain_id:SMY27 ; date:20150101,150,7
2591,chasem,chasem,4011,YKL109W,HAP4,mcisaac_oe,overexpression,unverified,True,none,2024-07-01,2024-07-01T13:37:22.212318-05:00,undefined,SMY2075,1,undefined,zev,P,15.0,https://yeastregulatorydb-htcf-data.s3.amazonaws.com/media/expression/mcisaac_oe/2591.csv.gz,strain_id:SMY2075 ; date:20160321,148,7
2583,chasem,chasem,3926,YKL185W,ASH1,mcisaac_oe,overexpression,unverified,True,none,2024-07-01,2024-07-01T13:37:13.931001-05:00,undefined,SMY2056,1,undefined,zev,P,15.0,https://yeastregulatorydb-htcf-data.s3.amazonaws.com/media/expression/mcisaac_oe/2583.csv.gz,strain_id:SMY2056 ; date:20160303,146,7
2575,chasem,chasem,3859,YJR140C,HIR3,mcisaac_oe,overexpression,unverified,True,none,2024-07-01,2024-07-01T13:37:07.474767-05:00,undefined,SMY2194,1,undefined,zev,P,15.0,https://yeastregulatorydb-htcf-data.s3.amazonaws.com/media/expression/mcisaac_oe/2575.csv.gz,strain_id:SMY2194 ; date:20160801,143,7
2568,chasem,chasem,3844,YJR127C,RSF2,mcisaac_oe,overexpression,unverified,True,none,2024-07-01,2024-07-01T13:36:58.914009-05:00,undefined,SMY2212,1,undefined,zev,P,15.0,https://yeastregulatorydb-htcf-data.s3.amazonaws.com/media/expression/mcisaac_oe/2568.csv.gz,strain_id:SMY2212 ; date:20160823,142,7
2560,chasem,chasem,3806,YJR094C,IME1,mcisaac_oe,overexpression,unverified,True,none,2024-07-01,2024-07-01T13:36:50.854011-05:00,undefined,SMY2078,1,undefined,zev,P,15.0,https://yeastregulatorydb-htcf-data.s3.amazonaws.com/media/expression/mcisaac_oe/2560.csv.gz,strain_id:SMY2078 ; date:20160321,140,7
2552,chasem,chasem,3773,YJR060W,CBF1,mcisaac_oe,overexpression,unverified,True,none,2024-07-01,2024-07-01T13:36:43.484863-05:00,undefined,SMY39,1,undefined,gev,M,15.0,https://yeastregulatorydb-htcf-data.s3.amazonaws.com/media/expression/mcisaac_oe/2552.csv.gz,strain_id:SMY39 ; date:20150101,139,7
2538,chasem,chasem,3637,YJL056C,ZAP1,mcisaac_oe,overexpression,unverified,True,none,2024-07-01,2024-07-01T13:36:30.907033-05:00,undefined,SMY181,1,undefined,gev,P,15.0,https://yeastregulatorydb-htcf-data.s3.amazonaws.com/media/expression/mcisaac_oe/2538.csv.gz,strain_id:SMY181 ; date:20151006,138,7
2531,chasem,chasem,3601,YJL089W,SIP4,mcisaac_oe,overexpression,unverified,True,none,2024-07-01,2024-07-01T13:36:25.200460-05:00,undefined,SMY2113,1,undefined,zev,P,15.0,https://yeastregulatorydb-htcf-data.s3.amazonaws.com/media/expression/mcisaac_oe/2531.csv.gz,strain_id:SMY2113 ; date:20160303,137,7
2523,chasem,chasem,3586,YJL103C,GSM1,mcisaac_oe,overexpression,unverified,True,none,2024-07-01,2024-07-01T13:36:19.100080-05:00,undefined,SMY2071,1,undefined,zev,P,15.0,https://yeastregulatorydb-htcf-data.s3.amazonaws.com/media/expression/mcisaac_oe/2523.csv.gz,strain_id:SMY2071 ; date:20160321,136,7
2516,chasem,chasem,3578,YJL110C,GZF3,mcisaac_oe,overexpression,unverified,True,none,2024-07-01,2024-07-01T13:36:13.814201-05:00,undefined,SMY156n,1,undefined,gev,N,15.0,https://yeastregulatorydb-htcf-data.s3.amazonaws.com/media/expression/mcisaac_oe/2516.csv.gz,strain_id:SMY156n ; date:20150101,135,7
2504,chasem,chasem,3426,YIR023W,DAL81,mcisaac_oe,overexpression,unverified,True,none,2024-07-01,2024-07-01T13:36:04.175237-05:00,undefined,SMY110,1,undefined,gev,P,15.0,https://yeastregulatorydb-htcf-data.s3.amazonaws.com/media/expression/mcisaac_oe/2504.csv.gz,strain_id:SMY110 ; date:20150101,129,7
2497,chasem,chasem,3415,YIR018W,YAP5,mcisaac_oe,overexpression,unverified,True,none,2024-07-01,2024-07-01T13:35:58.346697-05:00,undefined,SMY2270,1,undefined,zev,P,15.0,https://yeastregulatorydb-htcf-data.s3.amazonaws.com/media/expression/mcisaac_oe/2497.csv.gz,strain_id:SMY2270 ; date:20161117,128,7
2489,chasem,chasem,3413,YIR017C,MET28,mcisaac_oe,overexpression,unverified,True,none,2024-07-01,2024-07-01T13:35:51.689805-05:00,undefined,SMY42,1,undefined,gev,M,15.0,https://yeastregulatorydb-htcf-data.s3.amazonaws.com/media/expression/mcisaac_oe/2489.csv.gz,strain_id:SMY42 ; date:20150101,127,7
2481,chasem,chasem,3409,YIR013C,GAT4,mcisaac_oe,overexpression,unverified,True,none,2024-07-01,2024-07-01T13:35:45.674910-05:00,undefined,SMY2150,1,undefined,zev,P,15.0,https://yeastregulatorydb-htcf-data.s3.amazonaws.com/media/expression/mcisaac_oe/2481.csv.gz,strain_id:SMY2150 ; date:20160504,837,7
2473,chasem,chasem,3349,YIL036W,CST6,mcisaac_oe,overexpression,unverified,True,none,2024-07-01,2024-07-01T13:35:39.183371-05:00,undefined,SMY2063,1,undefined,zev,P,15.0,https://yeastregulatorydb-htcf-data.s3.amazonaws.com/media/expression/mcisaac_oe/2473.csv.gz,strain_id:SMY2063 ; date:20160303,125,7
2465,chasem,chasem,3327,YIL056W,VHR1,mcisaac_oe,overexpression,unverified,True,none,2024-07-01,2024-07-01T13:35:32.503110-05:00,undefined,SMY2236,1,undefined,zev,P,15.0,https://yeastregulatorydb-htcf-data.s3.amazonaws.com/media/expression/mcisaac_oe/2465.csv.gz,strain_id:SMY2236 ; date:20161006,821,7
2457,chasem,chasem,3275,YIL101C,XBP1,mcisaac_oe,overexpression,unverified,True,none,2024-07-01,2024-07-01T13:35:26.044449-05:00,undefined,SMY2129,1,undefined,zev,P,15.0,https://yeastregulatorydb-htcf-data.s3.amazonaws.com/media/expression/mcisaac_oe/2457.csv.gz,strain_id:SMY2129 ; date:20161117,122,7
2450,chasem,chasem,3241,YIL131C,FKH1,mcisaac_oe,overexpression,unverified,True,none,2024-07-01,2024-07-01T13:35:20.350433-05:00,undefined,SMY146,1,undefined,gev,P,15.0,https://yeastregulatorydb-htcf-data.s3.amazonaws.com/media/expression/mcisaac_oe/2450.csv.gz,strain_id:SMY146 ; date:20150101,118,7
2442,chasem,chasem,3166,YHR206W,SKN7,mcisaac_oe,overexpression,unverified,True,none,2024-07-01,2024-07-01T13:35:13.929586-05:00,undefined,SMY2114,1,undefined,zev,P,15.0,https://yeastregulatorydb-htcf-data.s3.amazonaws.com/media/expression/mcisaac_oe/2442.csv.gz,strain_id:SMY2114 ; date:20160303,117,7
2434,chasem,chasem,3131,YHR178W,STB5,mcisaac_oe,overexpression,unverified,True,none,2024-07-01,2024-07-01T13:35:07.449051-05:00,undefined,yRSM206,1,undefined,gev,P,15.0,https://yeastregulatorydb-htcf-data.s3.amazonaws.com/media/expression/mcisaac_oe/2434.csv.gz,strain_id:yRSM206 ; date:20151026,116,7
2426,chasem,chasem,3065,YHR124W,NDT80,mcisaac_oe,overexpression,unverified,True,none,2024-07-01,2024-07-01T13:35:00.591981-05:00,undefined,yRSM164,1,undefined,gev,P,15.0,https://yeastregulatorydb-htcf-data.s3.amazonaws.com/media/expression/mcisaac_oe/2426.csv.gz,strain_id:yRSM164 ; date:20151026,114,7
2418,chasem,chasem,3024,YHR084W,STE12,mcisaac_oe,overexpression,unverified,True,none,2024-07-01,2024-07-01T13:34:53.533003-05:00,undefined,SMY2118,1,undefined,zev,P,15.0,https://yeastregulatorydb-htcf-data.s3.amazonaws.com/media/expression/mcisaac_oe/2418.csv.gz,strain_id:SMY2118 ; date:20161101,777,7
2410,chasem,chasem,2963,YHR041C,SRB2,mcisaac_oe,overexpression,unverified,True,none,2024-07-01,2024-07-01T13:34:47.130678-05:00,undefined,SMY2166,1,undefined,zev,P,15.0,https://yeastregulatorydb-htcf-data.s3.amazonaws.com/media/expression/mcisaac_oe/2410.csv.gz,strain_id:SMY2166 ; date:20160628,113,7
2402,chasem,chasem,2918,YHR006W,STP2,mcisaac_oe,overexpression,unverified,True,none,2024-07-01,2024-07-01T13:34:40.136784-05:00,undefined,SMY2120,1,undefined,zev,P,15.0,https://yeastregulatorydb-htcf-data.s3.amazonaws.com/media/expression/mcisaac_oe/2402.csv.gz,strain_id:SMY2120 ; date:20160229,112,7
2394,chasem,chasem,2896,YHL009C,YAP3,mcisaac_oe,overexpression,unverified,True,none,2024-07-01,2024-07-01T13:34:34.020669-05:00,undefined,SMY179,1,undefined,gev,P,15.0,https://yeastregulatorydb-htcf-data.s3.amazonaws.com/media/expression/mcisaac_oe/2394.csv.gz,strain_id:SMY179 ; date:20151210,111,7
2386,chasem,chasem,2883,YHL020C,OPI1,mcisaac_oe,overexpression,unverified,True,none,2024-07-01,2024-07-01T13:34:27.330766-05:00,undefined,SMY2273,1,undefined,zev,P,15.0,https://yeastregulatorydb-htcf-data.s3.amazonaws.com/media/expression/mcisaac_oe/2386.csv.gz,strain_id:SMY2273 ; date:20161103,110,7
2378,chasem,chasem,2875,YHL027W,RIM101,mcisaac_oe,overexpression,unverified,True,none,2024-07-01,2024-07-01T13:34:20.406988-05:00,undefined,SMY2210,1,undefined,zev,P,15.0,https://yeastregulatorydb-htcf-data.s3.amazonaws.com/media/expression/mcisaac_oe/2378.csv.gz,strain_id:SMY2210 ; date:20160823,108,7
2370,chasem,chasem,2798,YGR252W,GCN5,mcisaac_oe,overexpression,unverified,True,none,2024-07-01,2024-07-01T13:34:13.756631-05:00,undefined,SMY2190,1,undefined,zev,P,15.0,https://yeastregulatorydb-htcf-data.s3.amazonaws.com/media/expression/mcisaac_oe/2370.csv.gz,strain_id:SMY2190 ; date:20160801,745,7
2362,chasem,chasem,2795,YGR249W,MGA1,mcisaac_oe,overexpression,unverified,True,none,2024-07-01,2024-07-01T13:34:07.479291-05:00,undefined,SMY2160,1,undefined,zev,P,15.0,https://yeastregulatorydb-htcf-data.s3.amazonaws.com/media/expression/mcisaac_oe/2362.csv.gz,strain_id:SMY2160 ; date:20160504,106,7
2355,chasem,chasem,2617,YGR104C,SRB5,mcisaac_oe,overexpression,unverified,True,none,2024-07-01,2024-07-01T13:34:02.108712-05:00,undefined,SMY2221,1,undefined,zev,P,15.0,https://yeastregulatorydb-htcf-data.s3.amazonaws.com/media/expression/mcisaac_oe/2355.csv.gz,strain_id:SMY2221 ; date:20161101,105,7
2347,chasem,chasem,2574,YGR063C,SPT4,mcisaac_oe,overexpression,unverified,True,none,2024-07-01,2024-07-01T13:33:56.181398-05:00,undefined,SMY2177,1,undefined,zev,P,15.0,https://yeastregulatorydb-htcf-data.s3.amazonaws.com/media/expression/mcisaac_oe/2347.csv.gz,strain_id:SMY2177 ; date:20160606,101,7
2339,chasem,chasem,2554,YGR044C,RME1,mcisaac_oe,overexpression,unverified,True,none,2024-07-01,2024-07-01T13:33:49.961464-05:00,undefined,SMY2106,1,undefined,zev,P,15.0,https://yeastregulatorydb-htcf-data.s3.amazonaws.com/media/expression/mcisaac_oe/2339.csv.gz,strain_id:SMY2106 ; date:20160209,99,7
2331,chasem,chasem,2550,YGR040W,KSS1,mcisaac_oe,overexpression,unverified,True,none,2024-07-01,2024-07-01T13:33:43.230121-05:00,undefined,SMY2196,1,undefined,zev,P,15.0,https://yeastregulatorydb-htcf-data.s3.amazonaws.com/media/expression/mcisaac_oe/2331.csv.gz,strain_id:SMY2196 ; date:20160801,98,7
2323,chasem,chasem,2485,YGL013C,PDR1,mcisaac_oe,overexpression,unverified,True,none,2024-07-01,2024-07-01T13:33:36.852566-05:00,undefined,SMY2096,1,undefined,zev,P,15.0,https://yeastregulatorydb-htcf-data.s3.amazonaws.com/media/expression/mcisaac_oe/2323.csv.gz,strain_id:SMY2096 ; date:20160921,97,7
2315,chasem,chasem,2472,YGL025C,PGD1,mcisaac_oe,overexpression,unverified,True,none,2024-07-01,2024-07-01T13:33:30.577847-05:00,undefined,SMY2204,1,undefined,zev,P,15.0,https://yeastregulatorydb-htcf-data.s3.amazonaws.com/media/expression/mcisaac_oe/2315.csv.gz,strain_id:SMY2204 ; date:20160921,95,7
2307,chasem,chasem,2461,YGL035C,MIG1,mcisaac_oe,overexpression,unverified,True,none,2024-07-01,2024-07-01T13:33:24.535446-05:00,undefined,SMY2086,1,undefined,zev,P,15.0,https://yeastregulatorydb-htcf-data.s3.amazonaws.com/media/expression/mcisaac_oe/2307.csv.gz,strain_id:SMY2086 ; date:20151210,94,7
2292,chasem,chasem,2419,YGL071W,AFT1,mcisaac_oe,overexpression,unverified,True,none,2024-07-01,2024-07-01T13:33:13.539375-05:00,undefined,SMY54,1,undefined,gev,P,15.0,https://yeastregulatorydb-htcf-data.s3.amazonaws.com/media/expression/mcisaac_oe/2292.csv.gz,strain_id:SMY54 ; date:20150101,93,7
2285,chasem,chasem,2319,YGL162W,SUT1,mcisaac_oe,overexpression,unverified,True,none,2024-07-01,2024-07-01T13:33:08.256198-05:00,undefined,SMY2167,1,undefined,zev,P,15.0,https://yeastregulatorydb-htcf-data.s3.amazonaws.com/media/expression/mcisaac_oe/2285.csv.gz,strain_id:SMY2167 ; date:20160606,88,7
2277,chasem,chasem,2315,YGL166W,CUP2,mcisaac_oe,overexpression,unverified,True,none,2024-07-01,2024-07-01T13:33:02.270027-05:00,undefined,SMY62,1,undefined,gev,P,15.0,https://yeastregulatorydb-htcf-data.s3.amazonaws.com/media/expression/mcisaac_oe/2277.csv.gz,strain_id:SMY62 ; date:20151216,87,7
2269,chasem,chasem,2299,YGL181W,GTS1,mcisaac_oe,overexpression,unverified,True,none,2024-07-01,2024-07-01T13:32:56.321729-05:00,undefined,SMY2191,1,undefined,zev,P,15.0,https://yeastregulatorydb-htcf-data.s3.amazonaws.com/media/expression/mcisaac_oe/2269.csv.gz,strain_id:SMY2191 ; date:20160801,86,7
2261,chasem,chasem,2265,YGL209W,MIG2,mcisaac_oe,overexpression,unverified,True,none,2024-07-01,2024-07-01T13:32:49.536815-05:00,undefined,SMY2087,1,undefined,zev,P,15.0,https://yeastregulatorydb-htcf-data.s3.amazonaws.com/media/expression/mcisaac_oe/2261.csv.gz,strain_id:SMY2087 ; date:20151210,84,7
2253,chasem,chasem,2235,YGL237C,HAP2,mcisaac_oe,overexpression,unverified,True,none,2024-07-01,2024-07-01T13:32:43.506266-05:00,undefined,SMY2073,1,undefined,zev,P,15.0,https://yeastregulatorydb-htcf-data.s3.amazonaws.com/media/expression/mcisaac_oe/2253.csv.gz,strain_id:SMY2073 ; date:20160321,83,7
2245,chasem,chasem,2228,YGL244W,RTF1,mcisaac_oe,overexpression,unverified,True,none,2024-07-01,2024-07-01T13:32:37.458128-05:00,undefined,SMY2175,1,undefined,zev,P,15.0,https://yeastregulatorydb-htcf-data.s3.amazonaws.com/media/expression/mcisaac_oe/2245.csv.gz,strain_id:SMY2175 ; date:20160606,82,7
2237,chasem,chasem,2219,YGL252C,RTG2,mcisaac_oe,overexpression,unverified,True,none,2024-07-01,2024-07-01T13:32:31.408776-05:00,undefined,SMY2164,1,undefined,zev,P,15.0,https://yeastregulatorydb-htcf-data.s3.amazonaws.com/media/expression/mcisaac_oe/2237.csv.gz,strain_id:SMY2164 ; date:20160628,639,7
2231,chasem,chasem,2217,YGL254W,FZF1,mcisaac_oe,overexpression,unverified,True,none,2024-07-01,2024-07-01T13:32:26.426619-05:00,undefined,SMY2066,1,undefined,zev,P,15.0,https://yeastregulatorydb-htcf-data.s3.amazonaws.com/media/expression/mcisaac_oe/2231.csv.gz,strain_id:SMY2066 ; date:20160321,81,7
2223,chasem,chasem,2179,YFR034C,PHO4,mcisaac_oe,overexpression,unverified,True,none,2024-07-01,2024-07-01T13:32:20.218225-05:00,undefined,SMY2099,1,undefined,zev,P,15.0,https://yeastregulatorydb-htcf-data.s3.amazonaws.com/media/expression/mcisaac_oe/2223.csv.gz,strain_id:SMY2099 ; date:20160209,80,7
2215,chasem,chasem,2089,YFL031W,HAC1,mcisaac_oe,overexpression,unverified,True,none,2024-07-01,2024-07-01T13:32:13.699911-05:00,undefined,SMY143,1,undefined,gev,P,15.0,https://yeastregulatorydb-htcf-data.s3.amazonaws.com/media/expression/mcisaac_oe/2215.csv.gz,strain_id:SMY143 ; date:20150101,78,7
2208,chasem,chasem,2066,YFL052W,ZNF1,mcisaac_oe,overexpression,unverified,True,none,2024-07-01,2024-07-01T13:32:08.221744-05:00,undefined,SMY2245,1,undefined,zev,P,15.0,https://yeastregulatorydb-htcf-data.s3.amazonaws.com/media/expression/mcisaac_oe/2208.csv.gz,strain_id:SMY2245 ; date:20161117,76,7
2200,chasem,chasem,2041,YER184C,TOG1,mcisaac_oe,overexpression,unverified,True,none,2024-07-01,2024-07-01T13:32:01.800942-05:00,undefined,SMY2230,1,undefined,zev,P,15.0,https://yeastregulatorydb-htcf-data.s3.amazonaws.com/media/expression/mcisaac_oe/2200.csv.gz,strain_id:SMY2230 ; date:20161006,75,7
2192,chasem,chasem,2032,YER177W,BMH1,mcisaac_oe,overexpression,unverified,True,none,2024-07-01,2024-07-01T13:31:55.779349-05:00,undefined,SMY2181,1,undefined,zev,P,15.0,https://yeastregulatorydb-htcf-data.s3.amazonaws.com/media/expression/mcisaac_oe/2192.csv.gz,strain_id:SMY2181 ; date:20160628,612,7
2184,chasem,chasem,2028,YER174C,GRX4,mcisaac_oe,overexpression,unverified,True,none,2024-07-01,2024-07-01T13:31:48.792632-05:00,undefined,SMY2152,1,undefined,zev,P,15.0,https://yeastregulatorydb-htcf-data.s3.amazonaws.com/media/expression/mcisaac_oe/2184.csv.gz,strain_id:SMY2152 ; date:20161103,610,7
2176,chasem,chasem,2022,YER169W,RPH1,mcisaac_oe,overexpression,unverified,True,none,2024-07-01,2024-07-01T13:31:42.237698-05:00,undefined,SMY2108,1,undefined,zev,P,15.0,https://yeastregulatorydb-htcf-data.s3.amazonaws.com/media/expression/mcisaac_oe/2176.csv.gz,strain_id:SMY2108 ; date:20160209,74,7
2168,chasem,chasem,1852,YER045C,ACA1,mcisaac_oe,overexpression,unverified,True,none,2024-07-01,2024-07-01T13:31:35.864654-05:00,undefined,SMY2049,1,undefined,zev,P,15.0,https://yeastregulatorydb-htcf-data.s3.amazonaws.com/media/expression/mcisaac_oe/2168.csv.gz,strain_id:SMY2049 ; date:20160229,67,7
2160,chasem,chasem,1846,YER040W,GLN3,mcisaac_oe,overexpression,unverified,True,none,2024-07-01,2024-07-01T13:31:29.155195-05:00,undefined,YukoSMY2047,1,undefined,zev,P,15.0,https://yeastregulatorydb-htcf-data.s3.amazonaws.com/media/expression/mcisaac_oe/2160.csv.gz,strain_id:YukoSMY2047 ; date:20151026,66,7
2140,chasem,chasem,1832,YER028C,MIG3,mcisaac_oe,overexpression,unverified,True,none,2024-07-01,2024-07-01T13:31:11.217836-05:00,undefined,SMY2088,1,undefined,zev,P,15.0,https://yeastregulatorydb-htcf-data.s3.amazonaws.com/media/expression/mcisaac_oe/2140.csv.gz,strain_id:SMY2088 ; date:20160921,65,7
2132,chasem,chasem,1787,YEL009C,GCN4,mcisaac_oe,overexpression,unverified,True,none,2024-07-01,2024-07-01T13:31:04.826554-05:00,undefined,SMY257,2,undefined,zev,P,15.0,https://yeastregulatorydb-htcf-data.s3.amazonaws.com/media/expression/mcisaac_oe/2132.csv.gz,strain_id:SMY257 ; date:20150903,64,7
2116,chasem,chasem,1621,YDR480W,DIG2,mcisaac_oe,overexpression,unverified,True,none,2024-07-01,2024-07-01T13:30:51.044163-05:00,undefined,SMY2145,1,undefined,zev,P,15.0,https://yeastregulatorydb-htcf-data.s3.amazonaws.com/media/expression/mcisaac_oe/2116.csv.gz,strain_id:SMY2145 ; date:20160504,547,7
2108,chasem,chasem,1603,YDR463W,STP1,mcisaac_oe,overexpression,unverified,True,none,2024-07-01,2024-07-01T13:30:43.897655-05:00,undefined,SMY2119,1,undefined,zev,P,15.0,https://yeastregulatorydb-htcf-data.s3.amazonaws.com/media/expression/mcisaac_oe/2108.csv.gz,strain_id:SMY2119 ; date:20160229,60,7
2100,chasem,chasem,1590,YDR451C,YHP1,mcisaac_oe,overexpression,unverified,True,none,2024-07-01,2024-07-01T13:30:36.236229-05:00,undefined,SMY2241,1,undefined,zev,P,15.0,https://yeastregulatorydb-htcf-data.s3.amazonaws.com/media/expression/mcisaac_oe/2100.csv.gz,strain_id:SMY2241 ; date:20161117,59,7
2092,chasem,chasem,1587,YDR448W,ADA2,mcisaac_oe,overexpression,unverified,True,none,2024-07-01,2024-07-01T13:30:27.617898-05:00,undefined,SMY2178,1,undefined,zev,P,15.0,https://yeastregulatorydb-htcf-data.s3.amazonaws.com/media/expression/mcisaac_oe/2092.csv.gz,strain_id:SMY2178 ; date:20160606,542,7
2084,chasem,chasem,1581,YDR443C,SSN2,mcisaac_oe,overexpression,unverified,True,none,2024-07-01,2024-07-01T13:30:20.482038-05:00,undefined,SMY2223,1,undefined,zev,P,15.0,https://yeastregulatorydb-htcf-data.s3.amazonaws.com/media/expression/mcisaac_oe/2084.csv.gz,strain_id:SMY2223 ; date:20161101,58,7
2076,chasem,chasem,1561,YDR423C,CAD1,mcisaac_oe,overexpression,unverified,True,none,2024-07-01,2024-07-01T13:30:13.150847-05:00,undefined,SMY2059,1,undefined,zev,P,15.0,https://yeastregulatorydb-htcf-data.s3.amazonaws.com/media/expression/mcisaac_oe/2076.csv.gz,strain_id:SMY2059 ; date:20160229,57,7
2068,chasem,chasem,1559,YDR421W,ARO80,mcisaac_oe,overexpression,unverified,True,none,2024-07-01,2024-07-01T13:30:05.354254-05:00,undefined,SMY2179,1,undefined,zev,P,15.0,https://yeastregulatorydb-htcf-data.s3.amazonaws.com/media/expression/mcisaac_oe/2068.csv.gz,strain_id:SMY2179 ; date:20160628,56,7
2060,chasem,chasem,1528,YDR392W,SPT3,mcisaac_oe,overexpression,unverified,True,none,2024-07-01,2024-07-01T13:29:57.997902-05:00,undefined,SMY2219,1,undefined,zev,P,15.0,https://yeastregulatorydb-htcf-data.s3.amazonaws.com/media/expression/mcisaac_oe/2060.csv.gz,strain_id:SMY2219 ; date:20161101,55,7
2052,chasem,chasem,1428,YDR310C,SUM1,mcisaac_oe,overexpression,unverified,True,none,2024-07-01,2024-07-01T13:29:50.168445-05:00,undefined,SMY2121,1,undefined,zev,P,15.0,https://yeastregulatorydb-htcf-data.s3.amazonaws.com/media/expression/mcisaac_oe/2052.csv.gz,strain_id:SMY2121 ; date:20151210,53,7
2044,chasem,chasem,1369,YDR259C,YAP6,mcisaac_oe,overexpression,unverified,True,none,2024-07-01,2024-07-01T13:29:42.691665-05:00,undefined,SMY2240,1,undefined,zev,P,15.0,https://yeastregulatorydb-htcf-data.s3.amazonaws.com/media/expression/mcisaac_oe/2044.csv.gz,strain_id:SMY2240 ; date:20161103,50,7
2036,chasem,chasem,1363,YDR253C,MET32,mcisaac_oe,overexpression,unverified,True,none,2024-07-01,2024-07-01T13:29:35.196487-05:00,undefined,SMY41,1,undefined,gev,M,15.0,https://yeastregulatorydb-htcf-data.s3.amazonaws.com/media/expression/mcisaac_oe/2036.csv.gz,strain_id:SMY41 ; date:20150101,49,7
2028,chasem,chasem,1331,YDR223W,CRF1,mcisaac_oe,overexpression,unverified,True,none,2024-07-01,2024-07-01T13:29:27.788748-05:00,undefined,SMY2183,1,undefined,zev,P,15.0,https://yeastregulatorydb-htcf-data.s3.amazonaws.com/media/expression/mcisaac_oe/2028.csv.gz,strain_id:SMY2183 ; date:20160628,494,7
2021,chasem,chasem,1324,YDR216W,ADR1,mcisaac_oe,overexpression,unverified,True,none,2024-07-01,2024-07-01T13:29:21.236649-05:00,undefined,SMY55,1,undefined,gev,P,15.0,https://yeastregulatorydb-htcf-data.s3.amazonaws.com/media/expression/mcisaac_oe/2021.csv.gz,strain_id:SMY55 ; date:20150101,48,7
2014,chasem,chasem,1321,YDR213W,UPC2,mcisaac_oe,overexpression,unverified,True,none,2024-07-01,2024-07-01T13:29:14.998052-05:00,undefined,SMY58,1,undefined,gev,P,15.0,https://yeastregulatorydb-htcf-data.s3.amazonaws.com/media/expression/mcisaac_oe/2014.csv.gz,strain_id:SMY58 ; date:20150101,47,7
2000,chasem,chasem,1242,YDR146C,SWI5,mcisaac_oe,overexpression,unverified,True,none,2024-07-01,2024-07-01T13:29:02.726698-05:00,undefined,SMY2123,1,undefined,zev,P,15.0,https://yeastregulatorydb-htcf-data.s3.amazonaws.com/media/expression/mcisaac_oe/2000.csv.gz,strain_id:SMY2123 ; date:20160421,40,7
1992,chasem,chasem,1189,YDR098C,GRX3,mcisaac_oe,overexpression,unverified,True,none,2024-07-01,2024-07-01T13:28:54.302119-05:00,undefined,SMY2151,1,undefined,zev,P,15.0,https://yeastregulatorydb-htcf-data.s3.amazonaws.com/media/expression/mcisaac_oe/1992.csv.gz,strain_id:SMY2151 ; date:20161103,466,7
1984,chasem,chasem,1187,YDR096W,GIS1,mcisaac_oe,overexpression,unverified,True,none,2024-07-01,2024-07-01T13:28:47.002347-05:00,undefined,SMY155,1,undefined,gev,P,15.0,https://yeastregulatorydb-htcf-data.s3.amazonaws.com/media/expression/mcisaac_oe/1984.csv.gz,strain_id:SMY155 ; date:20150101,464,7
1977,chasem,chasem,1169,YDR079C-A,TFB5,mcisaac_oe,overexpression,unverified,True,none,2024-07-01,2024-07-01T13:28:40.625546-05:00,undefined,SMY2228,1,undefined,zev,P,15.0,https://yeastregulatorydb-htcf-data.s3.amazonaws.com/media/expression/mcisaac_oe/1977.csv.gz,strain_id:SMY2228 ; date:20161006,461,7
1969,chasem,chasem,1130,YDR043C,NRG1,mcisaac_oe,overexpression,unverified,True,none,2024-07-01,2024-07-01T13:28:33.007746-05:00,undefined,SMY2094,1,undefined,zev,P,15.0,https://yeastregulatorydb-htcf-data.s3.amazonaws.com/media/expression/mcisaac_oe/1969.csv.gz,strain_id:SMY2094 ; date:20160921,36,7
1961,chasem,chasem,1114,YDR034C,LYS14,mcisaac_oe,overexpression,unverified,True,none,2024-07-01,2024-07-01T13:28:26.023255-05:00,undefined,SMY2083,1,undefined,zev,P,15.0,https://yeastregulatorydb-htcf-data.s3.amazonaws.com/media/expression/mcisaac_oe/1961.csv.gz,strain_id:SMY2083 ; date:20151210,449,7
1953,chasem,chasem,1073,YDL005C,MED2,mcisaac_oe,overexpression,unverified,True,none,2024-07-01,2024-07-01T13:28:18.998035-05:00,undefined,SMY2159,1,undefined,zev,P,15.0,https://yeastregulatorydb-htcf-data.s3.amazonaws.com/media/expression/mcisaac_oe/1953.csv.gz,strain_id:SMY2159 ; date:20160524,439,7
1945,chasem,chasem,1055,YDL020C,RPN4,mcisaac_oe,overexpression,unverified,True,none,2024-07-01,2024-07-01T13:28:11.735192-05:00,undefined,SMY2109,1,undefined,zev,P,15.0,https://yeastregulatorydb-htcf-data.s3.amazonaws.com/media/expression/mcisaac_oe/1945.csv.gz,strain_id:SMY2109 ; date:20160801,33,7
1936,chasem,chasem,1031,YDL042C,SIR2,mcisaac_oe,overexpression,unverified,True,none,2024-07-01,2024-07-01T13:28:03.156904-05:00,undefined,SMY2035,1,undefined,zev,P,15.0,https://yeastregulatorydb-htcf-data.s3.amazonaws.com/media/expression/mcisaac_oe/1936.csv.gz,strain_id:SMY2035 ; date:20151006,32,7
1923,chasem,chasem,1001,YDL070W,BDF2,mcisaac_oe,overexpression,unverified,True,none,2024-07-01,2024-07-01T13:27:50.759463-05:00,undefined,SMY2180,1,undefined,zev,P,15.0,https://yeastregulatorydb-htcf-data.s3.amazonaws.com/media/expression/mcisaac_oe/1923.csv.gz,strain_id:SMY2180 ; date:20160628,29,7
1915,chasem,chasem,990,YDL080C,THI3,mcisaac_oe,overexpression,unverified,True,none,2024-07-01,2024-07-01T13:27:42.748257-05:00,undefined,SMY2229,1,undefined,zev,P,15.0,https://yeastregulatorydb-htcf-data.s3.amazonaws.com/media/expression/mcisaac_oe/1915.csv.gz,strain_id:SMY2229 ; date:20161006,425,7
1907,chasem,chasem,962,YDL106C,PHO2,mcisaac_oe,overexpression,unverified,True,none,2024-07-01,2024-07-01T13:27:35.068409-05:00,undefined,SMY2205,1,undefined,zev,P,15.0,https://yeastregulatorydb-htcf-data.s3.amazonaws.com/media/expression/mcisaac_oe/1907.csv.gz,strain_id:SMY2205 ; date:20160823,28,7
1899,chasem,chasem,892,YDL170W,UGA3,mcisaac_oe,overexpression,unverified,True,none,2024-07-01,2024-07-01T13:27:27.584175-05:00,undefined,SMY2126,1,undefined,zev,P,15.0,https://yeastregulatorydb-htcf-data.s3.amazonaws.com/media/expression/mcisaac_oe/1899.csv.gz,strain_id:SMY2126 ; date:20151210,27,7
1891,chasem,chasem,796,YCR097W,HMRA1,mcisaac_oe,overexpression,unverified,True,none,2024-07-01,2024-07-01T13:27:19.942299-05:00,undefined,SMY2155,1,undefined,zev,P,15.0,https://yeastregulatorydb-htcf-data.s3.amazonaws.com/media/expression/mcisaac_oe/1891.csv.gz,strain_id:SMY2155 ; date:20160524,1501,7
1883,chasem,chasem,777,YCR081W,SRB8,mcisaac_oe,overexpression,unverified,True,none,2024-07-01,2024-07-01T13:27:11.757448-05:00,undefined,SMY2222,1,undefined,zev,P,15.0,https://yeastregulatorydb-htcf-data.s3.amazonaws.com/media/expression/mcisaac_oe/1883.csv.gz,strain_id:SMY2222 ; date:20161101,24,7
1875,chasem,chasem,763,YCR065W,HCM1,mcisaac_oe,overexpression,unverified,True,none,2024-07-01,2024-07-01T13:27:05.039520-05:00,undefined,SMY2077,1,undefined,zev,P,15.0,https://yeastregulatorydb-htcf-data.s3.amazonaws.com/media/expression/mcisaac_oe/1875.csv.gz,strain_id:SMY2077 ; date:20160209,23,7
1868,chasem,chasem,741,YCR042C,TAF2,mcisaac_oe,overexpression,unverified,True,none,2024-07-01,2024-07-01T13:26:58.725535-05:00,undefined,SMY2227,1,undefined,zev,P,15.0,https://yeastregulatorydb-htcf-data.s3.amazonaws.com/media/expression/mcisaac_oe/1868.csv.gz,strain_id:SMY2227 ; date:20161006,1500,7
1860,chasem,chasem,673,YCL010C,SGF29,mcisaac_oe,overexpression,unverified,True,none,2024-07-01,2024-07-01T13:26:51.248127-05:00,undefined,SMY2176,1,undefined,zev,P,15.0,https://yeastregulatorydb-htcf-data.s3.amazonaws.com/media/expression/mcisaac_oe/1860.csv.gz,strain_id:SMY2176 ; date:20160606,377,7
1852,chasem,chasem,626,YCL055W,KAR4,mcisaac_oe,overexpression,unverified,True,none,2024-07-01,2024-07-01T13:26:44.175716-05:00,undefined,SMY2081,1,undefined,zev,P,15.0,https://yeastregulatorydb-htcf-data.s3.amazonaws.com/media/expression/mcisaac_oe/1852.csv.gz,strain_id:SMY2081 ; date:20160209,22,7
1844,chasem,chasem,592,YBR289W,SNF5,mcisaac_oe,overexpression,unverified,True,none,2024-07-01,2024-07-01T13:26:36.658087-05:00,undefined,SMY2217,1,undefined,zev,P,15.0,https://yeastregulatorydb-htcf-data.s3.amazonaws.com/media/expression/mcisaac_oe/1844.csv.gz,strain_id:SMY2217 ; date:20161101,20,7
1836,chasem,chasem,582,YBR279W,PAF1,mcisaac_oe,overexpression,unverified,True,none,2024-07-01,2024-07-01T13:26:28.663538-05:00,undefined,SMY2173,1,undefined,zev,P,15.0,https://yeastregulatorydb-htcf-data.s3.amazonaws.com/media/expression/mcisaac_oe/1836.csv.gz,strain_id:SMY2173 ; date:20160823,365,7
1828,chasem,chasem,541,YBR239C,ERT1,mcisaac_oe,overexpression,unverified,True,none,2024-07-01,2024-07-01T13:26:21.548177-05:00,undefined,SMY2186,1,undefined,zev,P,15.0,https://yeastregulatorydb-htcf-data.s3.amazonaws.com/media/expression/mcisaac_oe/1828.csv.gz,strain_id:SMY2186 ; date:20160628,16,7
1820,chasem,chasem,471,YBR182C,SMP1,mcisaac_oe,overexpression,unverified,True,none,2024-07-01,2024-07-01T13:26:13.744356-05:00,undefined,SMY2116,1,undefined,zev,P,15.0,https://yeastregulatorydb-htcf-data.s3.amazonaws.com/media/expression/mcisaac_oe/1820.csv.gz,strain_id:SMY2116 ; date:20160421,14,7
1812,chasem,chasem,361,YBR083W,TEC1,mcisaac_oe,overexpression,unverified,True,none,2024-07-01,2024-07-01T13:26:05.890147-05:00,undefined,SMY2125,1,undefined,zev,P,15.0,https://yeastregulatorydb-htcf-data.s3.amazonaws.com/media/expression/mcisaac_oe/1812.csv.gz,strain_id:SMY2125 ; date:20160421,11,7
1804,chasem,chasem,255,YBL005W,PDR3,mcisaac_oe,overexpression,unverified,True,none,2024-07-01,2024-07-01T13:25:58.076944-05:00,undefined,yRSM175,1,undefined,gev,P,15.0,https://yeastregulatorydb-htcf-data.s3.amazonaws.com/media/expression/mcisaac_oe/1804.csv.gz,strain_id:yRSM175 ; date:20151026,8,7
1796,chasem,chasem,251,YBL008W,HIR1,mcisaac_oe,overexpression,unverified,True,none,2024-07-01,2024-07-01T13:25:50.622816-05:00,undefined,SMY2193,1,undefined,zev,P,15.0,https://yeastregulatorydb-htcf-data.s3.amazonaws.com/media/expression/mcisaac_oe/1796.csv.gz,strain_id:SMY2193 ; date:20160801,7,7
1788,chasem,chasem,235,YBL021C,HAP3,mcisaac_oe,overexpression,unverified,True,none,2024-07-01,2024-07-01T13:25:42.840403-05:00,undefined,SMY2074,1,undefined,zev,P,15.0,https://yeastregulatorydb-htcf-data.s3.amazonaws.com/media/expression/mcisaac_oe/1788.csv.gz,strain_id:SMY2074 ; date:20160321,6,7
1780,chasem,chasem,231,YBL025W,RRN10,mcisaac_oe,overexpression,unverified,True,none,2024-07-01,2024-07-01T13:25:35.326221-05:00,undefined,SMY2211,1,undefined,zev,P,15.0,https://yeastregulatorydb-htcf-data.s3.amazonaws.com/media/expression/mcisaac_oe/1780.csv.gz,strain_id:SMY2211 ; date:20160823,1499,7
1772,chasem,chasem,154,YBL093C,ROX3,mcisaac_oe,overexpression,unverified,True,none,2024-07-01,2024-07-01T13:25:28.444132-05:00,undefined,SMY2162,1,undefined,zev,P,15.0,https://yeastregulatorydb-htcf-data.s3.amazonaws.com/media/expression/mcisaac_oe/1772.csv.gz,strain_id:SMY2162 ; date:20160524,1498,7
1764,chasem,chasem,140,YBL103C,RTG3,mcisaac_oe,overexpression,unverified,True,none,2024-07-01,2024-07-01T13:25:20.696371-05:00,undefined,SMY2111,1,undefined,zev,P,15.0,https://yeastregulatorydb-htcf-data.s3.amazonaws.com/media/expression/mcisaac_oe/1764.csv.gz,strain_id:SMY2111 ; date:20160421,2,7
1756,chasem,chasem,24,YAL051W,OAF1,mcisaac_oe,overexpression,unverified,True,none,2024-07-01,2024-07-01T13:25:13.426930-05:00,undefined,yRSM209,1,undefined,gev,P,15.0,https://yeastregulatorydb-htcf-data.s3.amazonaws.com/media/expression/mcisaac_oe/1756.csv.gz,strain_id:yRSM209 ; date:20151026,1,7
